t_s,B_x_nT,B_y_nT,B_z_nT
0,0,0,0
0.5,29380.0094711926,1807.43515526393,-7934.94970477438
1,29749.0804283172,201.010590116908,-6655.85378241948
1.5,29981.7654030911,-1368.27727685724,-5338.99986511169
2,30082.5229226266,-2888.14195488443,-3989.98637590919
2.5,30057.0913268511,-4346.31672678564,-2614.9417022279
3,29912.3446073001,-5732.38833557317,-1219.6261223879
3.5,29656.1017430669,-7036.76133902722,190.128087524002
4,29297.0391265389,-8250.74319538855,1608.4409352451
4.5,28844.5955698771,-9366.61976090693,3029.40910508353
5,28308.8707226859,-10377.7211418547,4447.1304273874
5.5,27700.5179704313,-11278.4769830838,5855.7282922099
6,27030.6328872141,-12064.4607628684,7249.37590803612
6.5,26310.6383414877,-12732.4227727985,8622.32030723408
7,25552.1673674718,-13280.3115705718,9968.90600105921
7.5,24766.9449189643,-13707.2838013051,11283.5981885646
8,23966.6696166171,-14013.7023886836,12561.0054256509
8.5,23162.896585157,-14201.1232001391,13795.901662722
9,22366.9224542049,-14272.2703897098,14983.2475619923
9.5,21589.6735659293,-14231.0007178298,16118.2110084129
10,20841.5983953874,-14082.2572386768,17196.1867314367
10.5,20132.5651456293,-13832.0128326603,18212.8149584247
11,19471.7654299286,-13487.2041439647,19163.9990243921
11.5,18867.6248982678,-13055.6565606772,20045.9218669957
12,18327.7216047336,-12546.0009478044,20855.0613401636
12.5,17858.7128470059,-11967.582911303,21588.2042845442
13,17466.2711387859,-11330.3654339632,22242.4592979977
13.5,17155.0299009333,-10644.8257813638,22815.2681546479
14,16928.5393773144,-9921.84762788552,23304.4158265356
14.5,16789.2331970143,-9172.60939853645,23708.0390676519
15,16738.4059157151,-8408.46986166116,24024.6335260581
15.5,16776.2017758836,-7640.85203990928,24253.0593558896
16,16901.6148281885,-6881.12653152921,24392.5453072784
16.5,17112.500455668,-6140.49535044298,24442.6912785805
17,17405.598238103,-5429.87740095572,24403.4693217335
17.5,17776.5659874931,-4759.79670065726,24275.2230980735
18,18220.0246773234,-4140.27445242264,24058.6657884675
18.5,18729.6138794476,-3580.72604282357,23754.8764681535
19,19298.0572140734,-3089.86400924869,23365.294963178
19.5,19917.2372118237,-2675.60797126937,22891.7152117608
20,20578.2788836079,-2345.00246313534,22336.2771602631
20.5,21271.6411955918,-2104.14353381208,21701.4572296541
21,21987.215554488,-1958.1148989872,20990.0573944378
21.5,22714.4303242944,-1910.93433653671,20205.1929218807
22,23442.3603210361,-1965.51091387607,19350.2788250497
22.5,24159.8401684851,-2123.61352350323,18429.0150885879
23,24855.5803465714,-2385.85108319434,17445.3707313182
23.5,25518.2847264069,-2751.66463128021,16403.5667746223
24,26136.7683624403,-3219.33141694504,15308.0581900955
24.5,26700.0743039121,-3785.98095242722,14163.5149041866
25,27197.5881948601,-4447.62286034491,12974.8019413954
25.5,27619.1494545104,-5199.1862171451,11746.9587910884
26,27955.1578677427,-6034.56996490588,10485.1780861008
26.5,28196.6744679011,-6946.70384037151,9194.78368400413
27,28335.5156607028,-7927.61915401587,7881.20824423089
27.5,28364.3396172842,-8968.52864480643,6549.97039614019
28,28276.7240551966,-10059.9145396641,5206.65159459579
28.5,28067.2346268974,-11191.6238616401,3856.87276068766
29,27731.4832443379,-12352.9699585592,2506.27080587298
29.5,27266.1757838598,-13532.8391650316,1160.47513803709
30,26669.1487359822,-14719.8014657665,-174.915752219849
30.5,25939.3944880076,-15902.2239972074,-1494.35752736905
31,25077.075051928,-17068.3862075805,-2792.38296412765
31.5,24083.5241742277,-18206.5954921938,-4063.62454475192
32,22961.2378862957,-19305.3021307392,-5302.8365849911
32.5,21713.8536728825,-20353.2123757465,-6504.91680743816
33,20346.1185501169,-21339.3985754085,-7664.92727158395
33.5,18863.8464529617,-22253.4052588115,-8778.11457481287
34,17273.8654337285,-23085.3501662008,-9839.92924186048
34.5,15583.9552676555,-23826.0192702553,-10846.0442238707
35,13802.7761479807,-24466.9549054365,-11792.372432128
35.5,11939.7892309812,-25000.5362003009,-12675.0832357792
36,10005.169860761,-25420.0510912687,-13490.6178573886
36.5,8009.71436392286,-25719.7592847973,-14235.7036049563
37,5964.74135551511,-25894.9456273612,-14907.3668840711
37.5,3881.98853969588,-25941.9634382671,-15502.9449391263
38,1773.50602136936,-25858.2674583844,-16020.0962779866
38.5,-348.452831405844,-25642.4361676072,-16456.8097401312
39,-2471.54192015377,-25294.1833246084,-16811.4121740839
39.5,-4583.43328474866,-24814.3586835061,-17082.5746958548
40,-6671.92725328721,-24204.9379427707,-17269.3175061268
40.5,-8725.06083150687,-23469.0020813788,-17371.0132500032
41,-10731.2133126667,-22610.7063351567,-17387.3889092594
41.5,-12679.2081202866,-21635.239161733,-17318.5262231807
42,-14558.4099364724,-20548.7716347796,-17164.8606402031
42.5,-16358.8162175259,-19358.3977964765,-16927.1788086624
43,-18071.1422558555,-18072.0665805785,-16606.6146209836
43.5,-19686.8990124873,-16698.5059962764,-16204.6438315765
44,-21198.4630172474,-15247.1403344003,-15723.0772745193
44.5,-22599.1377133424,-13728.0012216007,-15164.0527127822
45,-23883.2057089134,-12151.633404209,-14530.0253562563
45.5,-25045.9714893403,-10528.9961907836,-13823.7570911644
46,-26083.7942397132,-8871.36152029234,-13048.3044685496
46.5,-26994.1105259213,-7190.20965090665,-12207.0055044143
47,-27775.4466841275,-5497.1234821094,-11303.4653487243
47.5,-28427.4208708179,-3803.68252996409,-10341.5408848694
48,-28950.7348279174,-2121.35757186,-9325.32432527422
48.5,-29347.1555183997,-461.406962887683,-8259.12587266748
49,-29619.4868861833,1165.22439856313,-7147.45552003764
49.5,-29771.5320886961,2748.00251296653,-5995.00406550853
50,-29808.0466402033,4276.89723060542,-4806.62342126535
50.5,-29734.6829878137,5742.46986512618,-3587.30629823191
51,-29557.9271190994,7135.95468428261,-2342.16535044451
51.5,-29285.0278697343,8449.33356021949,-1076.41186498213
52,-28923.9196608629,9675.40313542519,204.665915110706
52.5,-28483.1394486078,10807.8339392147,1495.72474622865
53,-27971.7387119239,11841.2209722004,2791.38852835605
53.5,-27399.1913397908,12771.125361595,4086.27054781642
54,-26775.2983045174,13594.1067773179,5374.99572824925
54.5,-26110.0900248876,14307.7463867515,6652.22279955588
55,-25413.7273312712,14910.6602137018,7912.66629500693
55.5,-24696.4019450498,15402.5028538302,9151.11828749049
56,-23968.2373772069,15783.9615838158,10362.4697770006
56.5,-23239.1911362085,16056.7409841611,11541.7316429155
57,-22518.9591138855,16223.5382753583,12684.0550763935
57.5,-21816.8829904444,16288.0096436767,13784.7514103144
58,-21141.8614665022,16254.7279057968,14839.3112666099
58.5,-20502.2660916304,16129.1319306655,15843.4229435591
59,-19905.8624157422,15917.4683021047,16792.9899686549
59.5,-19359.7371421378,15626.7257667368,17684.1477459766
60,-18870.23190945,15264.5630685957,18513.2792306233
60.5,-18442.8842743676,14839.230824264,19277.0295666504
61,-18082.3764080612,14359.4881404118,19972.3196291137
61.5,-17792.4919568613,13834.514719065,20596.3584152302
62,-17576.0814520777,13273.8192346233,21146.6542343143
62.5,-17435.0365850318,12687.1448003526,21621.0246510139
63,-17370.2735915318,12084.3723705112,22017.6051414408
63.5,-17381.7259153241,11475.4229470906,22334.856427053
64,-17468.3462427065,10870.1594769816,22571.5704565604
64.5,-17628.117920788,10278.2893357854,22726.8750117006
65,-17858.0756901676,9709.2682980263,22800.2369184153
65.5,-18154.3355795752,9172.20688973305,22791.4638507447
66,-18512.1337258132,8675.78000779854,22700.7047206198
66.5,-18925.8737978714,8228.1406707986,22528.4486526355
67,-19389.1826201317,7836.83873771784,22275.5225488186
67.5,-19894.9735070617,7508.74539404772,21943.0872543262
68,-20435.5167416879,7249.9841588623,21532.6323408954
68.5,-21002.516553532,7065.86911175286,21045.9695306972
69,-21587.1938796946,6960.85097508426,20485.2247889794
69.5,-22180.3741265387,6938.47161526736,19852.8291195107
70,-22772.5790900855,7001.32744714931,19151.5081023099
70.5,-23354.1221418992,7151.04213891722,18384.2702184569
71,-23915.2057449186,7388.24892198299,17554.3940118916
71.5,-24446.0203313061,7712.58271222839,16665.4141430004
72,-24936.8435527064,8122.68214695185,15721.1063934408
72.5,-25378.1389029303,8616.20153721251,14725.4716860384
73,-25760.6527144236,9189.83262944847,13682.7191876933
73.5,-26075.5085431341,9839.33596475722,12597.2485670314
74,-26314.2979815378,10559.5815205914,11473.6314820139
74.5,-26469.1669763713,11344.5982193576,10316.5923758682
75,-26532.8967755786,12187.631792972,9130.98866249719
75.5,-26498.9786874322,13081.2104032002,7921.79038497309
76,-26361.6819028648,14017.2173358365,6694.05943279375
76.5,-26116.1137087081,14986.9700135724,5452.92840528621
77,-25758.271503607,15981.3045086775,4203.57920986732
77.5,-25285.0861185783,16990.6646831124,2951.22148481614
78,-24694.4560391701,18005.1950409415,1701.07093677476
78.5,-23985.2722245525,19014.8363462364,458.327683371714
79,-23157.4333192665,20009.423039186,-771.84530884021
79.5,-22211.8511544069,20978.7814737893,-1984.34360152353
80,-21150.4465354351,21912.8280020502,-3174.14238812095
80.5,-19976.1354123982,22801.6659416344,-4336.31723652022
81,-18692.8056239674,23635.680485932,-5466.0643851816
81.5,-17305.2844984215,24405.630646778,-6558.72050913215
82,-15819.297681626,25102.737359971,-7609.78187461756
82.5,-14241.419643464,25718.7669314355,-8614.922803921
83,-12579.0163894597,26246.1090565704,-9570.01337489947
83.5,-10840.1809730079,26677.8487062019,-10471.1362831363
84,-9033.66246531139,27007.831238786,-11314.6027982499
84.5,-7168.78909454724,27230.7201692921,-12096.9677498194
85,-5255.38631274138,27342.0470997799,-12815.0434825657
85.5,-3303.69058819814,27338.2533943164,-13465.91272485
86,-1324.25975303424,27216.7232608878,-14046.9403191977
86.5,672.11924062065,26975.8079846739,-14555.7837684022
87,2674.52428587095,26614.8411398562,-14990.4025557946
87.5,4671.99292919919,26134.1446904227,-15349.0662034532
88,6653.61714190107,25535.0259736328,-15630.3610374534
88.5,8608.63718169057,24819.7656423457,-15833.195634696
89,10526.5336852923,23991.5967237371,-15956.8049313795
89.5,12397.1171541153,23054.6750314459,-16000.7529787716
90,14210.6140235787,22014.0412453406,-15964.9343375683
90.5,15957.7485421508,20875.5750472784,-15849.5741077677
91,17629.8197284461,19645.9417718411,-15655.2265966262
91.5,19218.7727235147,18332.5320974744,-15382.772632857
92,20717.2639104099,16943.3953651042,-15033.4155407747
92.5,22118.7192338066,15487.1671675627,-14608.675793544
93,23417.3852183882,13972.9919034348,-14110.3843700418
93.5,24608.3722553203,12410.4410326804,-13540.6748450666
94,25687.6898007587,10809.4278080899,-12901.9742477018
94.5,26652.2732082462,9180.1192858461,-12196.9927275485
95,27500.0019972528,7532.84643981632,-11428.7120732622
95.5,28229.7094421372,5878.01321742128,-10600.3731323433
96,28841.1834485699,4226.00537982448,-9715.46218542895
96.5,29335.1587670093,2587.09996571306,-8777.69633239248
97,29713.3006742492,971.376206140945,-7791.00795137354
97.5,29978.180333404,-611.371302038583,-6759.52829541307
98,30133.242119096,-2151.71638441567,-5687.57029465344
98.5,30182.7632671897,-3640.68129443127,-4579.61063506783
99,30131.8062764216,-5069.81223357371,-3440.27118740062
99.5,29986.1645519973,-6431.24973242063,-2274.29986242386
100,29752.3018380955,-7717.79329261321,-1086.550970738
100.5,29437.2860367351,-8922.9597487244,118.034832836368
101,29048.7180542881,-10041.0348719037,1334.45093871974
101.5,28594.6563537924,-11067.1178033286,2557.64542313368
102,28083.5379210371,-11997.1579740471,3782.54185612269
102.5,27524.0963751289,-12827.9842379602,5004.06019283297
103,26925.2779700109,-13557.3260156927,6217.13766359278
103.5,26296.1562423741,-14183.8263182421,7416.74957840592
104,25645.846063837,-14707.0465899042,8597.92996185264
104.5,24983.4178515002,-15127.4633795002,9755.79193509256
105,24317.8126813607,-15446.4569168541,10885.5477626768
105.5,23657.7590339997,-15666.2917373848,11982.5284832024
106,23011.6918818104,-15790.0895612297,13042.2030444766
106.5,22387.674802216,-15821.794694241,14060.1968657959
107,21793.3257721917,-15766.1322762703,15032.3097521871
107.5,21235.747266284,-15628.5597572222,15954.5330879858
108,20721.4612435088,-15415.2120332894,16823.0662399554
108.5,20256.3495682554,-15132.8407244616,17634.3321032443
109,19845.6003668242,-14788.7481197556,18384.9917268551
109.5,19493.6607746582,-14390.7163585119,19071.9579589325
110,19204.1964798067,-13946.9324544529,19692.4080560574
110.5,18980.0584158068,-13465.9098038264,20243.7952048585
111,18823.2569020655,-12956.4068496954,20723.858908595
111.5,18734.9434720734,-12427.3436010471,21130.6341959178
112,18715.4005695034,-11887.7167276076,21462.4596137633
112.5,18764.0392295703,-11346.5139687671,21717.9839712541
113,18879.4047981717,-10812.6286074761,21896.1718065576
113.5,19059.1906745297,-10294.7747670231,21996.3075538683
114,19300.2599946566,-9801.40428983806,22017.998393008
114.5,19598.6751033824,-9340.62595253251,21961.1757695608
115,19949.7345924091,-8920.12775990597,21826.0955789501
115.5,20348.0176115012,-8547.10304232064,21613.3370134082
116,20787.4350901527,-8228.18105540949,21323.8000763446
116.5,21261.2874386682,-7969.36274836928,20958.7017741815
117,21762.3282313775,-7775.96232702488,20519.5710012511
117.5,22282.8333115704,-7652.55519048511,20008.2421388265
118,22814.6746986059,-7602.93276571713,19426.8473947525
118.5,23349.3986234595,-7630.0647030689,18777.8079154348
119,23878.306970632,-7736.0688281304,18063.8237071037
119.5,24392.5413627524,-7922.18917196056,17287.86240828
120,24883.1690901602,-8188.78232337159,16453.1469601944
120.5,25341.2700619833,-8535.31226454422,15563.1422265429
121,25758.0239383284,-8960.35376575126,14621.5406183664
121.5,26124.7965956458,-9461.60432749214,13632.2467840055
122,26433.2250794071,-10035.9045700615,12599.3614279866
122.5,26675.3002100999,-10679.2668827068,11527.1643263178
123,26843.4460301435,-11386.912058308,10420.0966090059
123.5,26930.5953104424,-12153.3135561516,9282.74238362654
124,26930.2603755421,-12972.2489560445,8119.80977648277
124.5,26836.5985551572,-13836.8580928234,6936.11147025839
125,26644.4716265079,-14739.7072922514,5736.54481910223
125.5,26349.4986755878,-15672.8590682431,4526.07162376445
126,25948.1018752496,-16627.9465880526,3309.69765073542
126.5,25437.5447528025,-17596.2521670815,2092.45198031187
127,24815.9625985994,-18568.7890187407,879.366269128899
127.5,24082.3847487351,-19536.3854575945,-324.545987049934
128,23236.7485583764,-20489.7707359298,-1514.31010459855
128.5,22279.9049663266,-21419.6616848817,-2685.01069212865
129,21213.6156351458,-22316.8493311267,-3831.8118750214
129.5,20040.5417335468,-23172.2846686162,-4949.9771811571
130,18764.2245079718,-23977.1627814581,-6034.8890061218
130.5,17389.0578674296,-24723.0045383652,-7082.06757802029
131,15920.2532791446,-25401.7351105181,-8087.18934420289
131.5,14363.7973417262,-26005.758602629,-9046.10470471066
132,12726.4024669132,-26528.0281308136,-9954.8550200477
132.5,11015.4511600717,-26962.1107299349,-10809.6888239896
133,9238.934443193,-27302.2465267403,-11607.0771755188
133.5,7405.38501190168,-27543.4016727411,-12343.7280876275
134,5523.80575976059,-27681.3145917871,-13016.5999746277
134.5,3603.59433880005,-27712.535161076,-13622.9140637478
135,1654.46445463017,-27634.4565103772,-14160.1657211429
135.5,-313.635382352956,-27445.3391919946,-14626.1346470006
136,-2290.60491130793,-27144.3275429613,-15018.8938991508
136.5,-4266.27623194268,-26731.4581306563,-15336.8177094742
137,-6230.49821904465,-26207.6602429835,-15578.5880624274
137.5,-8173.22048948594,-25574.7484540013,-15743.2000101373
138,-10084.5761789453,-24835.4073649556,-15829.9657037464
138.5,-11954.9628000706,-23993.1686885788,-15838.5171259833
139,-13775.1204743852,-23052.3809107978,-15768.8075152798
139.5,-15536.2068567922,-22018.1718281295,-15621.1114771111
140,-17229.8681039024,-20896.4043205422,-15396.0237836041
140.5,-18848.3052753888,-19693.625777901,-15094.4568677941
141,-20384.3356009047,-18417.0116527682,-14717.6370241997
141.5,-21831.448093463,-17074.3036627889,-14267.0993326098
142,-23183.8530431896,-15673.7432116409,-13744.6813271074
142.5,-24436.5249825717,-14224.0006380875,-13152.5154373756
143,-25585.2387752152,-12734.1009375927,-12493.0202342203
143.5,-26626.5985441163,-11213.3466298422,-11768.890515986
144,-27558.0592219064,-9671.23846801425,-10983.0862771105
144.5,-28377.9405737496,-8117.39470149772,-10138.8206044579
145,-29085.4336128334,-6561.46961277069,-9239.54655125188
145.5,-29680.5993979416,-5013.072051237,-8288.94304241475
146,-30164.3602716515,-3481.68468196567,-7290.89986885809
146.5,-30538.4836655114,-1976.58465559367,-6249.50183178815
147,-30805.5586643637,-506.766387329284,-5169.01210134557
147.5,-30968.9655850955,919.132891671734,-4053.85485690327
148,-31032.8388848495,2292.904177909,-2908.59727908098
148.5,-31002.0237695449,3606.83373759094,-1737.93096599459
149,-30882.0269249122,4853.76559169265,-546.652848439153
149.5,-30678.9618387261,6027.15893403253,660.35431940481
150,-30399.4892242005,7121.14002159578,1878.14181554917
150.5,-30050.7530903382,8130.54812865306,3101.71507256313
151,-29640.3130353002,9050.9752110007,4326.05398622052
151.5,-29176.0733634908,9878.7989832399,5546.13332921839
152,-28666.2096461243,10611.2091698063,6756.94318835353
152.5,-28119.0933586301,11246.2267488772,7953.50934344406
153,-27543.2152365639,11782.7160667962,9130.91350648975
153.5,-26947.1079949455,12220.3897587945,10284.3133400754
154,-26339.2690543955,12559.8064691398,11408.962174836
154.5,-25728.083911394,12802.3614200708,12500.2283469196
155,-25121.7507797064,12950.2699336831,13553.6140778022
155.5,-24528.2071158147,13006.5440641041,14564.7738205218
156,-23955.0586233091,12974.9625486463,15529.5319984072
156.5,-23409.511309884,12860.0343360305,16443.9000646749
157,-22898.3071460318,12666.9559971207,17304.0928138441
157.5,-22427.6638469166,12401.5633688157,18106.543878775
158,-22003.2192683462,12070.2778247371,18847.9203502604
158.5,-21629.9808743351,11680.0476070371,19525.1364594797
159,-21312.2806975197,11238.2846919338,20135.3662672556
159.5,-21053.7361746638,10752.7976973299,20676.0553079224
160,-20857.2171976993,10231.7213739226,21144.9311397079
160.5,-20724.8196761802,9683.44325135806,21540.0127578315
161,-20657.8458597158,9116.52803797619,21859.618831025
161.5,-20656.7916189191,8539.64039623615,22102.3747268595
162,-20721.340830749,7961.46673567089,22267.2182961021
162.5,-20850.3669589641,7390.6366808287,22353.4043913156
163,-21041.9418629419,6835.64488272004,22360.5081000184
163.5,-21293.3518086153,6304.77384839903,22288.426677937
164,-21601.1205941022,5806.01846406671,22137.3801731765
164.5,-21961.0396401744,5347.01288210574,21907.910737486
165,-22368.2048325884,4934.96043139924,21600.8806261861
165.5,-22817.0598400634,4576.56719286532,21217.4688937221
166,-23301.4455690632,4277.97985813803,20759.1667971994
166.5,-23814.6553552647,4044.72845862787,20227.7719256032
167,-24349.4954324953,3881.67451478809,19625.3810776987
167.5,-24898.3501638473,3792.9651114036,18954.3819168081
168,-25453.2514674938,3781.99335434373,18217.4434357583
168.5,-26005.9518222914,3851.36560785048,17417.5052702494
169,-26548.0001963921,4002.87584957001,16557.7659036998
169.5,-27070.8202065613,4237.48741381534,15641.6698112479
170,-27565.7897874013,4555.32232272106,14672.8935950124
170.5,-28024.3216287979,4955.65833088111,13655.3311669187
171,-28437.9436271011,5436.93373269314,12593.0780393616
171.5,-28798.3785911495,5996.75990398774,11490.4147876816
172,-29097.6224484294,6631.94147165309,10351.7897518659
172.5,-29328.0202094451,7338.50392795738,9181.80104803335
173,-29482.338969634,8111.72843118377,7985.17796310434
173.5,-29553.8372575999,8946.19346206435,6766.76180859523
174,-29536.330075625,9835.82293729606,5531.48631168432
174.5,-29424.2490227999,10773.9403180361,4284.35762358104
175,-29212.696941982,11753.3281934882,3030.43402677301
175.5,-28897.4965884039,12766.2927681789,1774.80542392939
176,-28475.2328792337,13804.7326368145,522.572692095951
176.5,-27943.2883488524,14860.2111931239,-721.173013673864
177,-27299.8715031344,15924.0319890776,-1951.37092294588
177.5,-26544.0378366554,16987.3163384848,-3163.01119467299
178,-25675.7033486206,18041.0824441998,-4351.1552605188
178.5,-24695.6504655011,19076.3253209122,-5510.95588403005
179,-23605.5263501019,20084.096785547,-6637.67685416472
179.5,-22407.8336472794,21055.5847943533,-7726.71223323153
180,-21105.9137851102,21982.1914194528,-8773.60508116956
180.5,-19703.9230163905,22855.6087775297,-9774.06558028838
181,-18206.8014483818,23667.8922490069,-10723.9884870879
181.5,-16620.2353682815,24411.5303570041,-11619.4698405742
182,-14950.6132276186,25079.5107111145,-12456.8228595703
182.5,-13204.9757003403,25665.3814610867,-13232.5929648748
183,-11390.9602765445,26163.3077493961,-13943.5718657344
183.5,-9516.74089640844,26568.122698977,-14586.8106539551
184,-7590.96316672843,26875.3725226251,-15159.6318530555
184.5,-5622.67573548956,27081.3553933872,-15659.6403741607
185,-3621.25842792826,27183.1537702055,-16084.7333348168
185.5,-1596.34777054743,27178.6599298418,-16433.1087015606
186,442.239452576334,27066.5945142785,-16703.2727218833
186.5,2484.58395416108,26846.5179620425,-16894.0461161638
187,4520.7423442822,26518.8347518495,-17004.5690051922
187.5,6540.82551049216,26084.7904472535,-17034.3045540353
188,8535.07631403589,25546.4615912294,-16983.0413181937
188.5,10493.9459472246,24906.7385593955,-16850.8942832392
189,12408.1683108993,24169.3015394906,-16638.3045943818
189.5,14268.8317900907,23338.5898622907,-16346.0379776716
190,16067.4478303824,22419.7649649193,-15975.1818597762
190.5,17796.015746992,21418.6673209909,-15527.1411984592
191,19447.0832330071,20341.7677227201,-15003.6330410053
191.5,21013.8020723212,19196.1133475384,-14406.6798328711
192,22489.9786062925,17989.2690853867,-13738.6015037617
192.5,23870.1185506297,16729.2546422298,-13002.0063631317
193,25149.4658100532,15424.477970011,-12199.7808417616
193.5,26324.0349923883,14083.6656028527,-11335.0781205503
194,27390.63738036,12715.790503448,-10411.3056919764
194.5,28346.9001778746,11329.9980420197,-9432.11190380282
195,29191.2789073504,9935.53074273988,-8401.3715385108
195.5,29923.0628950286,8541.65243898748,-7323.17048564612
196,30542.3738414848,7157.57247925657,-6201.78956772416
196.5,31050.1575340957,5792.37061997128,-5041.6875835646
197,31448.1688163532,4454.92323007483,-3847.48363590158
197.5,31738.9499850249,3153.83141528183,-2623.93881283056
198,31925.8028397027,1897.35164763982,-1375.93729510429
198.5,32012.7546597159,693.329458928197,-108.466963468794
199,32004.5184303144,-450.863275114437,1173.40041786915
199.5,31906.4476830788,-1528.38696820263,2464.52936393273
200,31724.4863544165,-2532.98842187861,3759.74109878305
200.5,31465.1141005876,-3459.04997787515,5053.8341723616
201,31135.2875378439,-4301.63335750452,6341.60518353798
201.5,30742.3779019639,-5056.5178668989,7617.86952808054
202,30294.1056427431,-5720.23269399242,8877.48209011399
202.5,29798.4724859911,-6290.08307101143,10115.3577957712
203,29263.6915084236,-6764.17012451427,11326.4919481895
203.5,28698.115779734,-7141.40428333273,12505.9802637426
204,28110.1661312949,-7421.51216281156,13649.0385304383
204.5,27508.2586125905,-7605.03689127379,14751.0218107481
205,26900.7321948597,-7693.33189146919,15807.4431127615
205.5,26295.7772767159,-7688.54817575137,16813.9914554776
206,25701.3655389003,-7593.61525878075,17766.5492562526
206.5,25125.1816849526,-7412.21583560294,18661.2089709041
207,24574.5575915475,-7148.75441596809,19494.288919737
207.5,24056.4093766123,-6808.32014770515,20262.3482357807
208,23577.1778751059,-6396.64410281982,20962.2008748153
208.5,23142.772991489,-5920.05133969788,21590.9286303004
209,22758.5223743704,-5385.40809330196,22145.8931000934
209.5,22429.1248324815,-4800.06448243883,22624.7465558488
210,22158.6088819022,-4171.79315890044,23025.4416702019
210.5,21950.2967822109,-3508.72435734115,23346.2400612573
211,21806.7743838491,-2819.2778368911,23585.7196185001
211.5,21729.8670703992,-2112.09223541244,23742.7805790128
212,21720.6220376084,-1395.95238461496,23816.6503277949
212.5,21779.2971058726,-679.715158554884,23806.8869010284
213,21905.3562145855,27.765551106595,23713.3811762826
213.5,22097.4716954096,717.714122780379,23536.3577388997
214,22353.5333673841,1381.50813274086,23276.3744191067
214.5,22670.6644401773,2010.75229258489,22934.3204997591
215,23045.2441531553,2597.35076363119,22511.4135999911
215.5,23472.9370178032,3133.57721901455,22009.1952454237
216,23948.7284700253,3612.14203382195,21429.5251409248
216.5,24466.9666776681,4026.25599959087,20774.5741672104
217,25021.4101880461,4369.68998202287,20046.816127794
217.5,25605.2810411192,4636.82996991243,19249.0182779138
218,26211.3229171623,4822.72699899691,18384.2306720589
218.5,26831.8638341446,4923.14147649968,17455.7743715725
219,27458.882860484,4934.58148024427,16467.228558489
219.5,28084.0802641856,4854.33465989654,15422.416606259
220,28698.9504803945,4680.4934265629,14325.3911622964
220.5,29294.8572467816,4411.97317992918,13180.4183013427
221,29863.1102305306,4048.52338856515,11991.9608124485
221.5,30395.0424524604,3590.73140805425,10764.6606859231
222,30882.0878033511,3040.01899229454,9503.3208698686
222.5,31315.8579450107,2398.63152466617,8212.88636889877
223,31688.217894072,1669.62006678405,6898.42476031449
223.5,31991.359599836,856.816392265711,5565.10620537479
224,32217.8728484091,-35.1987595918117,4218.18303534257
224.5,32360.8128535511,-1001.13391100085,2862.96899369878
225,32413.7639295226,-2035.0311941083,1504.81821729731
225.5,32370.8986822147,-3130.31640525242,149.104040273669
226,32227.0322012386,-4279.85429909025,-1198.80229478122
226.5,31977.6707867221,-5476.00861176771,-2533.55293351429
227,31619.054799493,-6710.7062634779,-3849.84462949138
227.5,31148.1952813413,-7975.50515819507,-5142.43980231668
228,30562.9040523191,-9261.66497219526,-6406.18735031097
228.5,29861.8170538113,-10560.2203031857,-7636.04313487714
229,29044.4107686291,-11862.0555383743,-8827.09005501893
229.5,28111.011611978,-13157.9807924463,-9974.55763214489
230,27062.7982492018,-14438.8082649414,-11073.8410272731
230.5,25901.7968571573,-15695.4283706508,-12120.5194150464
231,24630.8694054428,-16918.8850060612,-13110.3736415652
231.5,23253.6950910802,-18100.4493292184,-14039.4030959299
232,21774.7451152857,-19231.6914493142,-14903.8417285504
232.5,20199.2510433641,-20304.5494454821,-15700.1731527145
233,18533.1670382972,-21311.3951613779,-16425.1447695842
233.5,16783.1263050641,-22245.096252817,-17075.780860714
234,14956.3921259647,-23099.0739997489,-17649.3945963221
234.5,13060.8039070808,-23867.3564308971,-18143.5989118867
235,11104.7186923566,-24544.6263492473,-18556.3162101698
235.5,9096.94863450453,-25126.2638889751,-18885.7868504595
236,7046.69494089473,-25608.3832791652,-19130.576391662
236.5,4963.47883765179,-25987.86353655,-19289.5815608359
237,2857.070116211,-26262.3728582719,-19362.0349238259
237.5,737.413843435006,-26430.3865361023,-19347.5082398045
238,-1385.44417108793,-26491.1982653649,-19245.9144867322
238.5,-3501.43254889878,-26444.9247747344,-19057.5085499993
239,-5600.52955258166,-26292.5037567601,-18782.886571766
239.5,-7672.8377279512,-26035.6851330584,-18422.9839637785
240,-9708.65738086808,-25677.015742209,-17979.0720916626
240.5,-11698.5583020702,-25219.8175920324,-17452.7536438721
241,-13633.4491693462,-24668.1598706619,-16845.95670358
241.5,-15504.6440771819,-24026.8249621271,-16160.9275468125
242,-17303.9256695809,-23301.2687615362,-15400.2221950376
242.5,-19023.6043819202,-22497.575631836,-14566.6967551917
243,-20656.5733322205,-21622.4083880347,-13663.4965847683
243.5,-22196.3584407648,-20682.9537351689,-12694.0443240561
244,-23637.1633992112,-19686.8636227273,-11662.0268419124
244.5,-24973.9091557676,-18642.193010272,-10571.3811455557
245,-26202.2676311161,-17557.3345662574,-9426.279308759
245.5,-27318.6894300407,-16440.9508442445,-8231.11247650452
246,-28320.4253655342,-15301.9044976202,-6990.47400761369
246.5,-29205.5416649212,-14149.1871054328,-5709.1418200781
247,-29972.9287806138,-12991.8471879985,-4392.06000678647
247.5,-30622.3037809074,-11838.9179915837,-3044.31979205616
248,-31154.2063481335,-10699.3456168487,-1671.13990182852
248.5,-31569.9884619612,-9581.91805609046,-277.846422573019
249,-31871.7978941916,-8495.19568993794,1130.14777414446
249.5,-32062.5556875717,-7447.44377539512,2547.36396283982
250,-32145.9278346082,-6446.56743442504,3968.27877109505
250.5,-32126.2914128005,-5500.04962605693,5387.34558134153
251,-32008.6954699196,-4614.89255577197,6799.01604565873
251.5,-31798.8169868184,-3797.56294414904,8197.76163131714
252,-31502.9122757064,-3053.94154291156,9578.09511460149
252.5,-31127.7641988729,-2389.27725105357,10934.5919405496
253,-30680.6256165885,-1808.1461470539,12261.9113666377
253.5,-30169.1594934542,-1314.41571567755,13554.8173091344
254,-29601.3761099965,-911.214509829412,14808.1988118269
254.5,-28985.5678409757,-600.907449618053,16017.0900581039
255,-28330.2419739121,-385.076922405795,17176.6898489481
255.5,-27644.0520508999,-264.509809295859,18282.3804712438
256,-26935.7282240713,-239.190525319174,19329.7458829556
256.5,-26214.0071202147,-308.300122560786,20314.5891441455
257,-25487.5617131571,-470.221467596035,21232.9490255018
257.5,-24764.9317036466,-722.550466850161,22081.1157290089
258,-24054.4549056102,-1062.11327579087,22855.6456586171
258.5,-23364.2001347856,-1484.9893901497,23553.3751822416
259,-22701.9020906968,-1986.54047959056,24171.4333301396
259.5,-22074.8987156435,-2561.44478637298,24707.2533786578
260,-21490.0715045709,-3203.73687359794,25158.5832725056
260.5,-20953.7892271682,-3906.85246963199,25523.4948430776
261,-20471.8555080408,-4663.67811738864,25800.3917849034
261.5,-20049.4606920551,-5466.60529948578,25988.0163570297
262,-19691.1383996987,-6307.58867313694,26085.4547810264
262.5,-19400.7271512997,-7178.20801229402,26092.1413123256
263,-19181.3374090096,-8069.73341942715,26007.8609667444
263.5,-19035.3243514341,-8973.1933358575,25832.7508892735
264,-18964.2666576244,-9879.44484826053,25567.3003575305
264.5,-18968.9515348419,-10779.245760388,25212.3494176373
265,-19049.3661781979,-11663.3278737966,24769.0861556777
265.5,-19204.6958001694,-12522.4709000204,24239.0426132987
266,-19433.3283144455,-13347.5764097736,23624.0893613984
266.5,-19732.8657020142,-14129.7412129707,22926.428751198
267,-20100.1420284233,-14860.3295571347,22148.5868672711
267.5,-20531.2480204039,-15531.0435315465,21293.4042123002
268,-21021.5620482954,-16133.9910706484,20364.0251584128
268.5,-21565.7872987821,-16661.750962973,19363.8862048929
269,-22157.9948612404,-17107.4342913645,18296.7030868559
269.5,-22791.6723914201,-17464.7417564755,17166.4567840848
270,-23459.7779591746,-17728.0163683076,15977.3784836354
270.5,-24154.7986334279,-17892.2910296414,14733.9335540104
271,-24868.8133083888,-17953.3305801268,13440.8045926614
271.5,-25593.5592309918,-17907.6679200467,12102.8736122746
272,-26320.5016513765,-17752.6338876349,10725.2034347346
272.5,-27040.905986498,-17486.3806225746,9313.01836481111
273,-27745.9118621666,-17107.8982100718,7871.68421846861
273.5,-28426.6083812656,-16617.0244637951,6406.68778325693
274,-29074.1099557809,-16014.4477710781,4923.61579047374
274.5,-29679.6320376165,-15301.702989152,3428.13348071215
275,-30234.5660878658,-14481.1604459249,1925.9628459936
275.5,-30730.5531360003,-13556.008162069,422.860632944892
276,-31159.5552989635,-12530.2274721349,-1075.40380760062
276.5,-31513.9246549334,-11408.5622803652,-2563.07073861355
277,-31786.4688969819,-10196.4822412089,-4034.4122362828
277.5,-31970.5132273822,-8900.14020473545,-5483.75428471832
278,-32059.9579932238,-7526.32431281011,-6905.49868025866
278.5,-32049.3316075884,-6082.40517273246,-8294.14466046601
279,-31933.8383471356,-4576.27857086957,-9644.31017398626
279.5,-31709.4006658506,-3016.30421955333,-10950.7527088762
280,-31372.6957152936,-1411.24105615874,-12208.389598742
280.5,-30921.1858133527,229.820366084677,-13412.3177280896
281,-30353.1426557095,1897.52784023583,-14557.8325606502
281.5,-29667.6651165106,3582.33925435626,-15640.4464170994
282,-28864.6905366779,5274.59555382298,-16655.9059315339
282.5,-27944.9994495614,6964.59434192883,-17600.2086192849
283,-26910.2137439476,8642.66354514617,-18469.6184921263
283.5,-25762.7883135563,10299.234574922,-19260.6806606614
284,-24505.9962899202,11924.9144269726,-19970.2348676305
284.5,-23143.9080017763,13510.5561715736,-20595.4279000545
285,-21681.3638487055,15047.327304157,-21133.7248325082
285.5,-20123.9413196023,16526.7754444983,-21582.9190583677
286,-18477.9164275537,17940.8908948233,-21941.1410705999
286.5,-16750.2198717141,19282.1655921987,-22206.86595852
287,-14948.3882736714,20543.6480185362,-22378.9195919299
287.5,-13080.5108704329,21718.9936623825,-22456.4834691357
288,-11155.1720783525,22802.510660316,-22439.0982105086
288.5,-9181.39037186266,23789.2002821507,-22326.6656844812
289,-7168.55394752905,24674.7919631544,-22119.4497581295
289.5,-5126.35366747278,25455.7726279698,-21818.075669773
290,-3064.71379633364,26129.4100947126,-21423.528026291
290.5,-993.721062407967,26693.7703935506,-20937.147433097
291,1076.44741387217,27147.7288816699,-20360.6257699067
291.5,3135.59677259449,27490.9750855408,-19696.0001305537
292,5173.58709266916,27724.0112514028,-18945.6454501407
292.5,7180.40554089639,27848.1446354449,-18112.2658477385
293,9146.23744221047,27865.4736157399,-17198.8847176342
293.5,11061.5357315606,27778.8677580767,-16208.8336067892
294,12917.0882626728,27591.9420168398,-15145.7399206484
294.5,14704.0824683777,27309.0252994536,-14013.5135037621
295,16414.1668911049,26935.1236680436,-12816.3321458025
295.5,18039.5091302986,26475.878494351,-11558.6260674813
296,19572.8497855671,25937.5199230212,-10245.061444578
296.5,21007.5520099396,25326.816033744,-8880.52303177585
297,22337.6463262169,24651.0181239331,-7470.0959512489
297.5,23557.8704005414,23917.802560389,-6019.04671394955
298,24663.7035104423,23135.2096704614,-4532.80354430429
298.5,25651.3954891466,22311.5801604706,-3016.93608152383
299,26517.989973324,21455.489561522,-1477.13453297318
299.5,27261.3418270725,20575.681210402,80.8116429846032
300,27880.1286603191,19680.9982761227,1651.03544555586
300.5,28373.8564044064,18780.3153410982,3227.61435096015
301,28742.8589510026,17882.4700401991,4804.59256106891
301.5,28988.2919022434,16996.1952513765,6376.0033986983
302,29112.1205198595,16130.052318593,7935.89176643533
302.5,29117.10199874,15292.3657718524,9478.33658558822
303,29006.7622257594,14491.159990636,10997.4731318445
303.5,28785.3672176814,13734.0982364557,12487.5151845081
304,28457.889462524,13028.4244579433,13942.776906759
304.5,28029.9694169804,12380.9082482877,15357.6943752406
305,27507.8724384507,11797.7933102463,16726.8466784318
305.5,26898.4414540779,11284.7497586675,18044.9765046966
306,26209.0456910943,10846.8305646899,19307.0101426222
306.5,25447.5258129388,10488.4324196757,20508.0768182633
307,24622.1358242027,10213.261270576,21643.5272961841
307.5,23741.4821246727,10024.3027518306,22708.9516737415
308,22814.4601087047,9923.79771203078,23700.1963008737
308.5,21850.1887209984,9913.22300631986,24613.3797607296
309,20857.9433935993,9993.27769774529,25444.9078498064
309.5,19847.0878016399,10163.8747823216,26191.4874998331
310,18827.004886873,10424.138523245,26850.1395874407
310.5,17807.0276083348,10772.407449319,27418.2105816822
311,16796.3698882954,11206.2430410387,27893.3829837014
311.5,15804.0582287707,11722.444094788,28273.6845172756
312,14838.8644789626,12317.0667211349,28557.4960335633
312.5,13909.2402367186,12985.4498972162,28743.5580981632
313,13023.253367069,13722.2464557173,28830.9762335053
313.5,12188.5271176996,14521.4593540776,28819.2247946459
314,11412.1823044505,15376.4830274857,28708.1494616918
314.5,10700.7830292035,16280.149588254,28497.9683373259
315,10060.2863774713,17224.7795926622,28189.2716432221
315.5,9495.9965233369,18202.2370547829,27783.0200144928
316,9012.52364487468,19203.9883457196,27280.5413967038
316.5,8613.7480236768,20221.1645766851,26683.5265553671
317,8302.78966757529,21244.6270261183,25994.0232131911
317.5,8081.98375616531,22265.0351352702,25214.4288356804
318,7952.86216450627,23272.9165641142,24347.4820909233
318.5,7916.14127172901,24258.7387707669,23396.2530145582
319,7971.71620867372,25212.9815535232,22364.1319159459
319.5,8118.66164269471,26126.2099757504,21254.8170664736
320,8355.23913909313,26989.1470808018,20072.3012156521
320.5,8678.9110780563,27792.7457972538,18820.8569852251
321,9086.36104436136,28528.2594344915,17505.0211958631
321.5,9573.52054535539,29187.3101751608,16129.5781851511
322,10135.6018518047,29761.9549843515,14699.5421794789
322.5,10767.1366970604,30244.7483754942,13220.1387860888
323,11462.0205135407,30628.8014996131,11696.7856749163
323.5,12213.5618326571,30907.8370574253,10135.0725229613
324,13014.5364258069,31076.239572314,8540.74029673854
324.5,13857.2457206155,31129.1006058166,6919.65995086684
325,14733.5789888217,31062.2585452661,5277.81062305973
325.5,15635.0787705039,30872.3326448136,3621.25740766956
326,16553.0089740535,30556.7510554291,1956.1287915041
326.5,17478.4250725915,30113.7726357658,288.593836879185
327,18402.2458053984,29542.5023931396,-1375.16080221226
327.5,19315.325787303,28842.9004614916,-3028.95394434671
328,20208.5284296032,28015.784580298,-4666.63293860521
328.5,21072.798582636,27062.8260942503,-6282.09662954007
329,21899.2343221542,25986.5395475326,-7869.31814291575
329.5,22679.157318698,24790.2659981201,-9422.36740668567
330,23404.1812506368,23478.1502262895,-10935.4333227156
330.5,24066.277746924,22055.112057115,-12402.8455061207
331,24657.8393742944,20526.8120588926,-13819.0955107619
331.5,25171.7392150722,18899.6119180337,-15178.8574614193
332,25601.386615428,17180.5298259301,-16477.0080154439
332.5,25940.7787193495,15377.1912446237,-17708.6455792496
333,26184.5474403309,13497.7754458719,-18869.1087078545
333.5,26328.0015605009,11550.9582424827,-19953.9936187997
334,26367.1636852732,9545.8513517441,-20959.1707551403
334.5,26298.8018204007,7491.93884850892,-21880.8003358297
335,26120.455377356,5399.01118018562,-22715.346835659
335.5,25830.4554521272,3277.09722762851,-23459.5923409883
336,25427.9392617291,1136.39490483947,-24110.6487317647
336.5,24912.8586619357,-1012.79920344974,-24665.9686447771
337,24285.9827089099,-3160.16066380772,-25123.355177711
337.5,23548.8942665276,-5295.40797251841,-25480.9702983289
338,22703.9807002295,-7408.37278918147,-25737.3419279938
338.5,21754.4187371485,-9489.06912913798,-25891.3696737502
339,20704.1536109787,-11527.7610260987,-25942.329188261
339.5,19557.8726484687,-13515.0281870858,-25889.8751420531
340,18320.9734923814,-15441.8291756381,-25734.0427977183
340.5,16999.5271930702,-17299.5616762668,-25475.2481809372
341,15600.23643723,-19080.1194134683,-25114.2868484161
341.5,14130.3892175951,-20775.9453222437,-24652.3312580303
342,12597.8082810441,-22380.0805940455,-24090.9267516309
342.5,11010.7967243617,-23886.2092523246,-23431.9861660771
343,9378.08013640738,-25288.6979452664,-22677.7830930767
343.5,7708.74571224632,-26582.6306797013,-21830.9438133473
344,6012.1787885009,-27763.8382593112,-20894.4379354131
344.5,4297.99726940094,-28828.9222317854,-19871.5677740289
345,2575.98442938266,-29775.2731931317,-18765.9565077442
345.5,856.020590303169,-30601.0833424471,-17581.5351594769
346,-851.985820852135,-31305.3532265984,-16322.5284481421
346.5,-2538.1673246722,-31887.8926608939,-14993.4395633682
347,-4192.76604480461,-32349.3158583597,-13599.0339191088
347.5,-5806.20146476742,-32691.0308460826,-12144.3219455273
348,-7369.13679543343,-32915.2232916433,-10634.5409818705
348.5,-8872.54347779282,-33024.834905378,-9075.13633615609
349,-10307.7633650668,-33023.5366245453,-7471.74158036963
349.5,-11666.5681515822,-32915.6968229541,-5830.15815248723
350,-12941.2156426248,-32706.3448238356,-4156.33433901377
350.5,-14124.5024892988,-32401.1300243775,-2456.34371384
351,-15209.8130447352,-32006.2769671511,-736.363111076676
351.5,-16191.1640322713,-31528.5367165055,997.349788886215
352,-17063.2447519369,-30975.1349168288,2738.47917952424
352.5,-17821.4525881853,-30353.7169244164,4480.67407290378
353,-18461.9236187987,-29672.2904156851,6217.57138658347
353.5,-18981.5581617972,-28939.1658818244,7942.81908978111
354,-19378.041133575,-28162.8954239554,9650.09932566428
354.5,-19649.8571270165,-27352.2102638088,11333.1514266678
355,-19796.3001527169,-26515.9573831919,12985.7947400643
355.5,-19817.4780194382,-25663.0357014737,14601.9511816133
356,-19714.311361433,-24802.3321943764,16175.6674359906
356.5,-19488.5273502014,-23942.6583498876,17701.1367238539
357,-19142.6481566144,-23092.6873484581,19172.7200568252
357.5,-18679.9742562229,-22260.8923451338,20584.9669033718
358,-18104.5626960824,-21455.4862211476,21932.6351905344
358.5,-17421.2004657373,-20684.3631619649,23210.7105686881
359,-16635.3731383175,-19955.0424079579,24414.4248690111
359.5,-15753.2289702104,-19274.6145128523,25539.2736860931
360,-14781.5386696986,-18649.69043381,26581.0330211077
360.5,-13727.6510664948,-18086.3537654093,27535.7749242179
361,-12599.4449354297,-17590.1164177099,28399.8820783545
361.5,-11405.2772487844,-17165.8780258155,29170.0612702045
362,-10153.9281529929,-16817.8893646388,29843.3556981534
362.5,-8854.54298667825,-16549.7200276103,30417.1560710388
363,-7516.57167819209,-16364.2306115569,30889.2104558654
363.5,-6149.70588186401,-16263.5496315735,31257.6328371084
364,-4763.81423285061,-16249.055369111,31520.9103548597
364.5,-3368.87612052226,-16321.3628334216,31677.9091938492
365,-1974.914399404,-16480.3159906919,31727.8791002706
365.5,-591.927474391658,-16724.9853864769,31670.4565083537
366,770.178787159473,-17053.6712553163,31505.6662637221
366.5,2101.65885031909,-17463.9121766453,31233.9219357431
367,3392.99453756367,-17952.4992983948,30856.0247162935
367.5,4634.96079961032,-18515.4961091799,30373.1609076123
368,5818.68974434747,-19148.2636970203,29786.8980071581
368.5,6935.73243692222,-19845.4913874965,29099.1794026295
369,7978.11798960081,-20601.2326076584,28312.317695498
369.5,8938.4094706536,-21408.945774456,27428.9866765429
370,9809.75617747475,-22261.5399586535,26452.2119819289
370.5,10585.9418405685,-23151.4250278696,25385.3604633128
371,11261.4283519301,-24070.5659263643,24232.1283102895
371.5,11831.3946436165,-25010.5407052884,22996.5279681576
372,12291.7703796795,-25962.6018761514,21682.8738984919
372.5,12639.2641667643,-26917.7406230453,20295.7672343258
373,12871.3860350376,-27866.7533764245,18840.0793858634
373.5,12986.4639911003,-28800.3102236581,17320.9346565313
374,12983.6544974302,-29709.0246096979,15743.6919328364
374.5,12862.9467879117,-30583.5237654993,14113.9255149018
375,12625.1609852732,-31414.5192925992,12437.4051576968
375.5,12271.9400429022,-32192.8773296644,10720.0753958449
376,11805.7355896458,-32909.6877309074,8968.03422748556
376.5,11229.7878109783,-33556.3316968828,7187.51123495549
377,10548.0995524922,-34124.547315072,5384.8452220647
377.5,9765.40488132842,-34606.4924904348,3566.4614494324
378,8887.132387215,-34994.8047742464,1738.84855074647
378.5,7919.36354671741,-35282.6576324421,-91.4647861086869
379,6868.78651166501,-35463.8127316798,-1917.93328833706
379.5,5742.64571521302,-35532.6678616921,-3734.01863274606
380,4548.68771644835,-35484.3001554714,-5533.21296015923
380.5,3295.10372679265,-35314.5043136816,-7309.06228455075
381,1990.4692787596,-35019.8255856926,-9055.18971219282
381.5,643.681510045643,-34597.5873061083,-10765.3183868784
382,-736.105456274088,-34045.9128319932,-12433.2940783547
382.5,-2139.54655119164,-33363.7417716517,-14053.1073324746
383,-3557.17273505744,-32550.8404403197,-15618.9151032346
383.5,-4979.4584289138,-31607.8065211166,-17125.0617888206
384,-6396.88892918234,-30536.0679508007,-18566.0995960097
384.5,-7800.02734284371,-29337.8760890773,-19936.8081597787
385,-9179.58059239987,-28016.2932673048,-21232.2133477353
385.5,-10526.4640540352,-26575.174847402,-22447.6051820058
386,-11831.8644081912,-25019.1459545816,-23578.5548144733
386.5,-13087.3002989878,-23353.5730782954,-24620.9304947559
387,-14284.6804173761,-21584.5307645639,-25570.912474022
387.5,-15416.3586424649,-19718.7636497986,-26425.006791659
388,-16475.1858960514,-17763.6441114155,-27180.0578959171
388.5,-17454.558386992,-15727.1258341034,-27833.2600539306
389,-18348.4619447062,-13617.693612625,-28382.1675109617
389.5,-19151.5121648662,-11444.3097325546,-28824.7033632891
390,-19858.9901152949,-9216.35728940367,-29159.1671138723
390.5,-20466.8733763655,-6943.58082413345,-29384.2408847279
391,-20971.8622178651,-4636.02466901775,-29498.9942648515
391.5,-21371.4007434525,-2303.96941208847,-29502.8877774776
392,-21663.69286454,42.1330991959458,-29395.7749554781
392.5,-21847.7129976995,2391.72578407102,-29177.9030187302
393,-21923.2114134839,4734.21294532595,-28849.9121523247
393.5,-21890.7141997793,7059.02703232135,-28412.8333895102
394,-21751.5178393074,9355.6951028325,-27868.085108255
394.5,-21507.6784384464,11613.9045366613,-27217.4681552501
395,-21161.9956828536,13823.5675574776,-26463.1596160365
395.5,-20717.9916340867,15974.8841263068,-25607.7052547142
396,-20179.8845201291,18058.4027806117,-24654.0106513564
396.5,-19552.5577109663,20065.0790071052,-23605.3310697889
397,-18841.52410763,21986.330754295,-22465.2600927977
397.5,-18052.8862089262,23814.0907122423,-21237.7170660657
398,-17193.2921538461,25540.8550119702,-19926.9333962207
398.5,-16269.8880689333,27159.7280251726,-18537.4377522615
399,-15290.267078149,28664.4629760473,-17074.0402233382
399.5,-14262.4153576115,30049.4981108466,-15541.8154893523
400,-13194.6556385999,31309.9882066592,-13946.085064135
400.5,-12095.5885791067,32441.8312385417,-12292.3986740229
401,-10974.0324367798,33441.6900628606,-10586.5148374957
401.5,-9838.96148418276,34307.0090140589,-8834.38071414455
402,-8699.4436108952,35036.0253514572,-7042.11129361245
402.5,-7564.57755614217,35627.7755316025,-5215.96799727685
403,-6443.43021054602,36082.0963195655,-3362.33676732853
403.5,-5344.97441648606,36399.6207889974,-1487.70571953648
404,-4278.02768376502,36581.7692952571,401.357562626334
404.5,-3251.19222121127,36630.7355381747,2298.22901368922
405,-2272.79666594052,36549.4678607501,4196.251272038
405.5,-1350.8398707455,36341.645957102,6088.75698561148
406,-492.937086976117,36011.6531871868,7969.09215677053
406.5,293.731144181183,35564.5447171709,9830.63944556325
407,1002.46710443283,35006.0117229201,11666.8413507634
407.5,1627.10075324837,34342.3419100056,13471.2231884688
408,2162.03108873122,33580.3766170955,15237.4157887154
408.5,2602.26380372456,32727.4647808658,16959.1778314911
409,2943.44505112947,31791.4140498864,18630.4177447147
409.5,3181.89115630777,30780.4393426441,20245.2150881832
410,3314.61413735534,29703.1091512462,21797.8413491808
410.5,3339.34291590062,28568.2898977357,23282.7800773833
411,3254.54012192484,27385.0886546135,24694.7462888715
411.5,3059.41441599177,26162.7945453725,26028.7050714982
412,2753.92827136328,24910.8191448089,27279.8893265078
412.5,2338.80117695281,23638.6362027488,28443.8165842005
413,1815.50824016895,22355.721018705,29516.3048345441
413.5,1186.27418668372,21071.4897988985,30493.4873169592
414,454.062772304488,19795.239330988,31371.826217036
414.5,-377.438359297415,18536.0873156507,32148.1252216653
415,-1303.83731997865,17302.9136976576,32819.5408879735
415.5,-2320.06204842316,16104.3033420516,33383.5927855345
416,-3420.38871483405,14948.4904031607,33838.1723755726
416.5,-4598.4743419584,13843.3047351137,34181.5505952526
417,-5847.39350152931,12796.1206918962,34412.3841196774
417.5,-7159.67892004837,11813.8086623677,34529.7202788391
418,-8527.36580145358,10902.6896806701,34533.0006115094
418.5,-9942.03964679188,10068.4934446569,34422.0630428629
419,-11394.8873227988,9316.3200640213,34197.1426775103
419.5,-12876.7511026211,8650.60584533281,33858.8712045399
420,-14378.1853732127,8075.09340296555,33408.2749161178
420.5,-15889.5156756815,7592.80636269396,32846.7713461532
421,-17400.8997175949,7206.02889846222,32176.1645404781
421.5,-18902.3899705583,6916.29031248409,31398.638974903
422,-20383.997442858,6724.35483451565,30516.752142361
422.5,-21835.7561962227,6630.21677809056,29533.4258351367
423,-23247.7881584023,6633.1011500497,28451.9361528603
423.5,-24610.3677698311,6731.46976529971,27275.9022715158
424,-25913.9859936543,6923.03287194999,26009.2740131547
424.5,-27149.4132142382,7204.76624346363,24656.318260283
425,-28307.760550318,7572.933644947,23221.6042630115
425.5,-29380.5391153334,8023.11453098228,21709.987890982
426,-30359.7167693907,8550.23678330448,20126.5948858124
426.5,-31237.7719246027,9148.61424897468,18476.8031733131
427,-32007.7439881552,9811.98879432292,16766.2242980104
427.5,-32663.2800550172,10533.576547612,15000.6840455562
428,-33198.677494363,11306.1179648178,13186.2023213997
428.5,-33608.9221099641,12121.9313187646,11328.9723566288
429,-33889.7215944687,12972.9691826193,9435.33931416647
429.5,-34037.5340398981,13850.8774548319,7511.77837050575
430,-34049.5913111713,14747.0564542949,5564.87234989284
430.5,-33923.9171352374,15652.7236019005,3601.28898931791
431,-33659.339804735,16558.97719782,1627.75791383838
431.5,-33255.499441252,17456.8608025678,-348.952597355687
432,-32712.8498085773,18337.4277339989,-2322.05897312324
432.5,-32032.6547101722,19191.8052014647,-4284.78575947097
433,-31216.9790469273,20011.257611968,-6230.38899420412
433.5,-30268.6746506391,20787.2486007925,-8152.17946600752
434,-29191.3610452082,21511.5013601758,-10043.5457773582
434.5,-27989.4013210523,22176.0568635503,-11897.9771314689
435,-26667.8733385154,22773.3296090973,-13709.0857645329
435.5,-25232.536503056,23296.1605342652,-15470.6289458797
436,-23689.794378765,23737.8667819468,-17176.5304702523
436.5,-22046.6534273841,24092.2880286943,-18820.9015682813
437,-20310.6781776463,24353.8291152372,-20398.0611633396
437.5,-18489.943144649,24517.4987492998,-21902.5554053247
438,-16592.9818313494,24578.9440799935,-23329.1764145097
438.5,-14628.7331543921,24534.4809716894,-24672.9801714312
439,-12606.4856446175,24381.1198331163,-25929.303491828
439.5,-10535.8197789912,24116.5868844256,-27093.7800289014
440,-8426.54880557166,23739.3407711261,-28162.3552486208
440.5,-6288.6584266791,23248.5844591759,-29131.300327443
441,-4132.24570778768,22644.2723702409,-29997.2249256253
441.5,-1967.45758092717,21927.1127403226,-30757.0887932933
442,195.570688409863,21098.5652087858,-31408.2121705414
442.5,2346.77670271445,20160.8336684409,-31948.2849470998
443,4476.2314361061,19116.854430907,-32375.3745514692
443.5,6574.19867724405,17970.2797851422,-32687.9325438882
444,8631.19305318098,16725.4570508684,-32884.799892047
444.5,10638.0362820066,15387.403252707,-32965.2109130727
445,12585.9113100566,13961.7755651792,-32928.7958699674
445.5,14466.4139993516,12454.83770327,-32775.5822153647
446,16271.6020429821,10873.4224578944,-32505.9944801693
446.5,17994.0408005356,9224.8906001856,-32120.8528093244
447,19626.8457625411,7517.08640280258,-31621.3701516198
447.5,21163.7213723606,5758.29005018174,-31009.1481150631
448,22598.995956068,3957.16723248844,-30286.1715038957
448.5,23927.6525355872,2122.71623962238,-29454.80155781
449,25145.3553276486,264.212891608393,-28517.7679183045
449.5,26248.4717608077,-1608.8463403228,-27478.1593513869
450,27234.089874623,-3486.80265207758,-26339.4132599798
450.5,28100.0309988138,-5359.89428174949,-25105.3040233907
451,28844.8576454457,-7218.31654891975,-23779.9302050631
451.5,29467.8765834909,-9052.2821593741,-22367.7006735176
452,29969.1371020111,-10852.0813736218,-20873.3196849089
452.5,30349.4245051971,-12608.1416385656,-19301.7709789564
453,30610.2489190367,-14311.0862864523,-17658.3009431509
453.5,30753.8295249421,-15951.7919138273,-15948.4009030748
454,30783.0743697081,-17521.4440655247,-14177.7885994137
454.5,30701.5559332204,-19011.5908645688,-12352.3889147565
455,30513.48266491,-20414.1942479911,-10478.3139155883
455.5,30223.6667266879,-21721.6784906368,-8561.84227696596
456,29837.4882036575,-22926.975723677,-6609.39815922895
456.5,29360.8560640576,-24023.5681812892,-4627.52960773448
457,28800.1661664833,-25005.5269373823,-2622.88654801323
457.5,28162.2566254042,-25867.5469237939,-602.19844992119
458,27454.3608553773,-26604.9780516209,1427.74826468965
458.5,26684.0586202536,-27213.8522877482,3460.13299554391
459,25859.225416296,-27690.9065687842,5488.1238430372
459.5,24987.98051773,-28033.6014640786,7504.90051688231
460,24078.6340101555,-28240.1355279245,9503.67719831936
460.5,23139.6331318428,-28309.4553081508,11477.7252801203
461,22179.5082355913,-28241.2610038468,13420.3959090652
461.5,21206.8186749912,-28036.0077887964,15325.1422562532
462,20230.0989089779,-27694.9028392198,17185.5414415205
462.5,19257.8051079315,-27219.8981246437,18995.3160393816
463,18298.2625335907,-26613.6790391749,20748.3550952808
463.5,17359.6139540807,-25879.6489672619,22438.7345825361
464,16449.7693446359,-25021.9098933513,24060.7372321756
464.5,15576.3571143876,-24045.2391788839,25608.8716699023
465,14746.6770899978,-22955.0626430691,27077.8907966757
465.5,13967.6554780648,-21757.4240960607,28462.8093518559
466,13245.8020200957,-20458.951484813,29758.9206005227
466.5,12587.1695463882,-19066.8198232499,30961.8120894373
467,11997.3161282681,-17588.7110896852,32067.3804191702
467.5,11481.270021598,-16032.7712858783,33071.844983144
468,11043.4975880812,-14407.5648638775,33971.7606277464
468.5,10687.8743743499,-12722.0267389973,34764.0291912356
469,10417.659521834,-10985.4121199721,35445.9098828767
469.5,10235.4736726289,-9207.24440052975,36015.0284676078
470,10143.2805276678,-7397.26137026877,36469.3852255263
470.5,10142.3722031289,-5565.3600166886,36807.3616595875
471,10233.3585188421,-3721.5402043213,37027.7259291158
471.5,10416.1603382276,-1875.84753089322,37129.6369910288
472,10690.0070627477,-38.3156740073291,37112.6474350415
472.5,11053.4383648205,1781.09144537779,36976.7050035481
473,11504.3102214918,3572.53734477911,36722.1527913502
473.5,12039.8052868865,5326.37015940731,36349.7281248965
474,12656.4476145876,7033.17896284263,35860.5601252037
474.5,13350.1217117896,8683.84886768689,35256.1659631286
475,14116.0958755603,10269.6145420295,34538.4458201267
475.5,14949.0497281697,11782.1117781387,33709.676572064
476,15843.1058336081,13213.426753948,32772.5042180101
476.5,16791.8652416202,14556.1426359274,31729.9350802296
477,17788.4467693998,15803.3831839886,30585.3258057744
477.5,18825.5297951153,16948.853035287,29342.3722041577
478,19895.4003023492,17986.8743641443,28005.0969595363
478.5,20989.9998809829,18912.4196397245,26577.8362596286
479,22100.9773587164,19721.1402313448,25065.2253872359
479.5,23219.7427089234,20409.3906430809,23472.1833237068
480,24337.5228554895,20974.2481942189,21803.8964169615
480.5,25445.4189742028,21413.5279996218,20065.8011697822
481,26534.4648736039,21725.7931436365,18263.5662069532
481.5,27595.6860262891,21910.3599821451,16403.0734824944
482,28620.1588147552,21967.2985490886,14490.3987906719
482.5,29599.0695540651,21897.428085574,12531.791646677
483,30523.77285692,21702.3077508363,10533.6546048377
483.5,31385.8489150053,21384.2226142077,8502.52208395871
484,32177.1592835113,20946.165065224,6445.03877087844
484.5,32889.9007731575,20391.8118145388,4367.93767457488
485,33516.6570754609,19725.4966909267,2278.01790415297
485.5,34050.4477718604,18952.1794689774,182.122244797109
486,34484.7744050958,18077.4109878079,-1912.88539372083
486.5,34813.6633213397,17107.2948430919,-4000.14258112958
487,35031.7050233868,16048.4459528328,-6072.81094848028
487.5,35134.0898081203,14907.9463116155,-8124.09867306806
488,35116.6394949101,13693.2982586849,-10147.2827922926
488.5,34975.8350850255,12412.3755923032,-12135.7312730054
489,34708.8402250778,11073.372866705,-14082.924763838
489.5,34313.5203795253,9684.75320892015,-15982.4779591871
490,33788.4576480451,8255.19499111843,-17828.1605049355
490.5,33132.9611928181,6793.5376903413,-19613.9173776253
491,32347.0732683252,5308.72726189238,-21333.8886706499
491.5,31431.5708719834,3809.76134564973,-22982.4287230963
492,30387.9630578447,2305.63461648015,-24554.1245291448
492.5,29218.4839776652,805.284581102813,-26043.8133684086
493,27926.0817340096,-682.46188557126,-27446.5996002621
493.5,26514.4031488335,-2148.94098118074,-28757.8705680629
494,24987.7745683499,-3585.70311998664,-29973.3115622002
494.5,23351.1788411236,-4984.56251622632,-31088.9197941009
495,21610.2286214604,-6337.64495237083,-32101.0173366746
495.5,19771.1361644631,-7637.43348756841,-33006.2629901782
496,17840.6797928005,-8876.81187128217,-33801.6630361094
496.5,15826.1672284477,-10049.1054370396,-34484.58084549
497,13735.3959955339,-11148.119261466,-35052.7453117587
497.5,11576.611113072,-12168.1733845602,-35504.2580824414
498,9358.46030879451,-13104.1348987004,-35837.5995678055
498.5,7089.94699756978,-13951.4467263531,-36051.6337087925
499,4780.38127988862,-14706.1529201102,-36145.6114906765
499.5,2439.32922757396,-15364.9203336985,-36119.1731930754
500,76.5607350423347,-15925.0565291498,-35972.3493711397
500.5,-2298.00377506026,-16384.5238035306,-35705.5605669519
501,-4674.34749344008,-16741.9492385838,-35319.6157543619
501.5,-7042.41190611876,-16996.6306983552,-34815.7095246434
502,-9392.15170294479,-17148.5387233446,-34195.4180244895
502.5,-11713.5895935299,-17198.3142948177,-33460.6936619191
503,-13996.8707081777,-17147.2624694923,-32613.8585996679
503.5,-16232.3162602991,-16997.3419126272,-31657.5970595392
504,-18410.4761481964,-16751.1503863055,-30594.946464997
504.5,-20522.1801781495,-16411.9062790669,-29429.28745298
505,-22558.5875975667,-15983.4262926034,-28164.3327894798
505.5,-24511.2346366798,-15470.0994305642,-26804.115226865
506,-26372.0797698647,-14876.8574631444,-25352.9743442139
506.5,-28133.5464231092,-14209.1420686108,-23815.5424150545
507,-29788.5628723182,-13472.8688787605,-22196.7293498731
507.5,-31330.5990978336,-12674.3886790862,-20501.7067635521
508,-32753.7003835154,-11820.4460357162,-18735.8912205112
508.5,-34052.5174736545,-10918.1356396541,-16904.9267127629
509,-35222.3331275153,-9974.85667415298,-15014.6664283379
509.5,-36259.0849390173,-8998.26552300183,-13071.1538695891
510,-37159.3843175529,-7996.22714591852,-11080.6033827411
510.5,-37920.5315547405,-6976.76545207391,-9049.38016171509
511,-38540.5269306016,-5948.01300402458,-6983.97979071501
511.5,-39018.0778407949,-4918.16038211512,-4891.00739132686
512,-39352.6019537418,-3895.40553389971,-2777.15644093548
512.5,-39544.2264323837,-2887.90342457993,-649.187330120847
513,-39593.7832796081,-1903.7162931746,1486.094272653
513.5,-39502.8008888213,-950.764805489887,3621.85918029567
514,-39273.4919015466,-36.7803793458361,5751.2765012885
514.5,-38908.7374921699,830.741059639964,7867.53543977567
515,-38412.068215984,1644.58365167568,9963.86701266125
515.5,-37787.6415705245,2397.85428474177,12033.5656151901
516,-37040.21643191,3084.02318300551,14070.0103670529
516.5,-36175.1245376395,3696.96221898015,16066.6861718212
517,-35198.2391952336,4230.98078540797,18017.2044234825
517.5,-34115.9414024565,4680.85908083234,19915.3232950036
518,-32935.0835698665,5041.87867987023,21754.967545207
518.5,-31662.9510403805,5309.85027513552,23530.2477817914
519,-30307.2216036675,5481.13849249426,25235.4791200604
519.5,-28875.9232057825,5552.68369481429,26865.1991788495
520,-27377.3900567547,5522.02070162845,28414.1853572358
520.5,-25820.2173410967,5387.2943632404,29877.471337898
521,-24213.214738582,5147.27193789615,31250.3627654374
521.5,-22565.3589653179,4801.35222990222,32528.4520505851
522,-20885.7455482267,4349.57145520076,33707.6322539884
522.5,-19183.5400496013,3792.60580916146,34784.1100061889
523,-17467.9289624286,3131.77071947426,35754.4174234664
523.5,-15748.0705016495,2369.01677529539,36615.4229824179
524,-14033.045521324,1506.92233248227,37364.341319459
524.5,-12331.8087926738,548.682804098884,37998.7419248703
525,-10653.1408829716,-501.903344381067,38516.5567045459
525.5,-9005.60088000014,-1640.45186440062,38916.0863862365
526,-7397.48021104848,-2862.01321480013,39196.0057507854
526.5,-5836.75780883487,-4161.0962161019,39355.3676726424
527,-4331.05687903212,-5531.69479584789,39393.6059577762
527.5,-2887.60352488829,-6967.31773541485,39310.5369709892
528,-1513.18748345304,-8461.02131055186,39106.3600485493
528.5,-214.125224829964,-10005.444698483,38781.6566959877
529,1003.77433961758,-11592.8480039943,38337.3885748367
529.5,2135.24130231591,-13215.152735736,37774.894286009
530,3175.5731309835,-14863.9845423441,37095.8849614086
530.5,4120.65975375715,-16530.7179962822,36302.4386792206
531,4967.00516214448,-18206.5231919416,35396.9937221231
531.5,5711.74535608909,-19882.4139039566,34382.3407013932
532,6352.66247847976,-21549.2970323458,33261.6135735255
532.5,6888.19501227596,-23198.02304345,32038.2795795245
533,7317.44394179286,-24819.4371001424,30716.1281404727
533.5,7640.17481026787,-26404.4305618694,29299.2587462861
534,7856.81563819853,-27943.9925251185,27792.0678777453
534.5,7968.45070063005,-29429.2610682189,26199.2350049237
535,7976.81019606032,-30851.5738612379,24525.7077080044
535.5,7884.25587435263,-32202.5178022995,22776.6859691865
536,7693.76272542663,-33473.9773460241,20957.6056869148
536.5,7408.89686395194,-34658.1811979753,19074.1214660181
537,7033.78977722149,-35747.7470609036,17132.0887395028
537.5,6573.10913330415,-36735.724134029,15137.5452797234
538,6032.02637397416,-37615.6330853367,13096.69215842
538.5,5416.18134136641,-38381.5032385422,11015.87421669
539,4731.64420846646,-39027.9067406102,8901.56010732859
539.5,3984.87500114464,-39549.9895020367,6760.32197313759
540,3182.68101331858,-39943.4987300445,4598.8148257652
540.5,2332.17242690472,-40204.8069038875,2423.75569038724
541,1440.71645450633,-40330.9320711091,241.902582093782
541.5,515.890325406492,-40319.5543733585,-1939.96661981775
542,-434.566565433845,-40169.0287397696,-4115.07533330093
542.5,-1402.80102975497,-39878.3937145209,-6276.66940449455
543,-2380.89467111243,-39447.3764126621,-8418.03814212586
543.5,-3360.91238358311,-38876.3936242793,-10532.5351898391
544,-4334.95047653406,-38166.5491113478,-12613.5991715731
544.5,-5295.1841512381,-37319.6271640003,-14654.7740459689
545,-6233.91406970496,-36338.082503308,-16649.729106839
545.5,-7143.61177154876,-35225.0266360007,-18592.278567972
546,-8016.96371063914,-33984.2107828414,-20476.4006719685
546.5,-8846.91369934068,-32620.0055167161,-22296.2562644138
547,-9626.70356402565,-31137.3772590072,-24046.2067764742
547.5,-10349.9118309966,-29541.8617936566,-25720.8315609605
548,-11010.4902767816,-27839.534967689,-27314.9445290242
548.5,-11602.7981908337,-26036.9807550473,-28823.6100369339
549,-12121.6342118914,-24141.2568676271,-30242.1579748162
549.5,-12562.2656116321,-22159.8581035809,-31566.1980118305
550,-12920.4549108025,-20100.6776285132,-32791.6329549678
550.5,-13192.4837238252,-17971.9663902699,-33914.6711815172
551,-13375.1737380925,-15782.2908728146,-34931.8381082232
551.5,-13465.9047439207,-13540.4893992847,-35839.9866632409
552,-13462.6296406525,-11255.6271988285,-36636.3067301917
552.5,-13363.8863538554,-8936.9504562774,-37318.3335369039
553,-13168.806608197,-6593.83956811736,-37883.9549647912
553.5,-12877.121510591,-4235.7618325311,-38331.4177582565
554,-12489.1639088059,-1872.22380543294,-38659.3326170056
554.5,-12005.8675020924,487.276441734859,-38866.6781576991
555,-11428.7626926755,2833.29692326337,-38952.8037349462
555.5,-10759.969180281,5156.49895753207,-38917.4311152496
556,-10002.1853163116,7447.69375853361,-38760.655001114
556.5,-9158.67424987492,9697.88815572962,-38482.9424061479
557,-8233.24691457246,11898.329197742,-38085.1308855724
557.5,-7230.24192270908,14040.547397211,-37568.4256301237
558,-6154.50245224937,16116.3983776535,-36934.3954348549
558.5,-5011.35023123631,18118.1026885298,-36184.9675578187
559,-3806.55674428342,20038.2835620996,-35322.4214870191
559.5,-2546.31180586166,21870.0023951585,-34349.3816373528
560,-1237.18966513035,23606.7917504264,-33268.8090025043
560.5,113.887173342583,25242.6856862494,-32083.9917899089
561,1499.68620981327,26772.2472393099,-30798.5350699331
561.5,2912.70506971944,28190.5929031283,-29416.3494733474
562,4345.21324717859,29493.413965119,-27941.638973963
562.5,5789.29522031854,30676.9945866162,-26378.8877959657
563,7236.89467497617,31738.2265333475,-24732.8464880051
563.5,8679.8595635626,32674.6204879987,-23008.517208474
564,10109.9877188147,33484.3139014274,-21211.1382686368
564.5,11519.0727378825,34166.0753643774,-19346.1679823336
565,12898.9498508579,34719.3055068358,-17419.2678728964
565.5,14241.5414894535,35144.0344570646,-15436.2852896548
566,15538.9022760654,35440.9159164463,-13403.2354879911
566.5,16783.263160799,35611.2179292529,-11326.2832283083
567,17967.0744440309,35656.8104479435,-9211.72395052247
567.5,19083.0474345101,35580.1498143356,-7065.96458175396
568,20124.1945075806,35384.2602947329,-4895.50403579539
568.5,21083.8673445345,35072.7128226613,-2706.91346365941
569,21955.7931520204,34649.6011161246,-506.816315065935
569.5,22734.1086794844,34119.5153472025,1698.1317288869
570,23413.3918724279,33487.513550365,3901.26289141035
570.5,23988.6910194702,32759.0909621464,6095.91744357015
571,24455.5512714404,31940.147488915,8275.46379531409
571.5,24810.038430683,31036.9535015691,10433.3184739028
572,25048.7599281303,30056.114156292,12562.9659301275
572.5,25168.8829242422,29004.5324392493,14657.9781133282
573,25168.1494874178,27889.3711305767,16712.0337570204
573.5,25044.8888197979,26718.0138794629,18718.9373178975
574,24798.0265153983,25498.0255778638,20672.637512095
574.5,24427.0908491795,24237.1122156579,22567.2453938827
575,23932.2161079813,22943.0803951398,24397.0519233851
575.5,23314.1429852619,21623.7966778749,26156.5449715183
576,22574.2160713713,20287.146932315,27840.4257120732
576.5,21714.3784797838,18940.9958463725,29443.6243527528
577,20737.1636574596,17593.1467655015,30961.3151590014
577.5,19645.6844344849,16251.3020138212,32388.9307266214
578,18443.6193745391,14923.0238534896,33722.1754614657
578.5,17135.1964937602,13615.6962358844,34957.0382269108
579,15725.1744214233,12336.4874971319,36089.8041223485
579.5,14218.8210817152,11092.3141500498,37117.0653585813
580,12621.8899819469,9889.80592450414,38035.7311987569
580.5,10940.5941989719,8735.27220836815,38843.036936322
581,9181.57816249547,7634.67004150168,39536.5518844089
581.5,7351.88734148346,6593.57381523311,40114.1863540867
582,5458.93594805979,5617.1468294793,40574.1976019851
582.5,3510.47278217172,4710.1148586264,40915.1947309505
583,1514.54534986751,3876.74187537454,41136.1425305835
583.5,-520.537601769585,3120.80807865641,41236.3642477495
584,-2586.24497925948,2445.59036725502,41215.5432804155
584.5,-4673.86350204522,1853.84539464504,41073.7237914567
585,-6774.53895027725,1347.79533268394,40811.3102423718
585.5,-8879.31831352137,929.116461944146,40429.0658501375
586,-10979.1926417809,598.93069459584,39928.1099737161
586.5,-13065.1403896738,357.800121783024,39309.9144399823
587,-15128.1710348659,205.724661382757,38576.298822057
587.5,-17159.3687432205,142.142863972029,37729.4246862058
588,-19149.935845879,165.935914872024,36771.7888265739
588.5,-21091.2358879156,275.434848490549,35706.2155100739
589,-22974.8360045672,468.430968082254,34535.8477567019
589.5,-24792.5483795598,742.189439802719,33264.1376834366
590,-26536.4705409245,1093.46600488749,31894.8359426419
590.5,-28199.0242530478,1518.52672834185,30431.9802885612
591,-29772.992769636,2013.17067708825,28879.8833080344
591.5,-31251.5562207985,2572.7553955327,27243.1193539864
592,-32628.324918547,3192.22502241231,25526.5107225238
592.5,-33897.3703785651,3866.14087001425,23735.1131166188
593,-35053.2538719525,4588.71426581607,21874.2004413629
593.5,-36091.0523385929,5353.84143767427,19949.2489776208
594,-37006.381513544,6155.14020720892,17965.9209826115
594.5,-37795.4161391002,6985.98824227779,15930.0477674826
595,-38454.9071575808,7839.56260861273,13847.6123033208
595.5,-38982.1958030809,8708.88035295095,11724.7314082593
596,-39375.2245339996,9586.83984539768,9567.63756939462
596.5,-39632.5447717563,10466.2626073036,7382.66045411448
597,-39753.3214343426,11339.9353525468,5176.20816616253
597.5,-39737.3342758855,12200.6519746316,2954.74830232641
598,-39584.9760649131,13041.255219243,724.788866030668
598.5,-39297.2476542231,13854.6777915585,-1507.14090565052
599,-38875.7500139456,14633.9826594228,-3734.50974497514
599.5,-38322.6733163878,15372.4023270795,-5950.80353001423
600,-37640.783176416,16063.3768691785,-8149.544378387
600.5,-36833.4041644281,16700.5905308683,-10324.3096024119
601,-35904.4007203653,17278.006716559,-12468.7504704007
601.5,-34858.1556067571,17789.9012070724,-14576.6107195398
602,-33699.5460465765,18230.8934620306,-16641.7447666744
602.5,-32433.9176978177,18595.9758811894,-18658.1355643285
603,-31067.0566213661,18880.5409147329,-20619.9120504644
603.5,-29605.1594020889,19080.405928099,-22521.3661417911
604,-28054.8015853283,19191.8357415346,-24356.9692218853
604.5,-26422.9045923483,19211.5627781637,-26121.3880769733
605,-24716.7012789632,19136.80476683,-27809.5002339458
605.5,-22943.7003017787,18965.2799573181,-29416.408657022
606,-21111.6494563734,18695.219815794,-30937.4557614542
606.5,-19228.498151523,18325.3791775061,-32368.2367047514
607,-17302.3591833557,17855.043842035,-33704.6119181041
607.5,-15341.4699732286,17284.0356038344,-34942.7188429996
608,-13354.153433232,16612.7147175904,-36078.9828404237
608.5,-11348.7786235837,15841.9798042387,-37110.1272425479
609,-9333.72136679742,14973.2652094858,-38033.1825193837
609.5,-7317.32498435807,14008.5358325783,-38845.4945355504
610,-5307.8613226697,12950.2794490201,-39544.7318750365
610.5,-3313.4922361515,11801.4965571435,-40128.8922146276
611,-1342.23169644074,10565.6877850302,-40596.3077295204
611.5,598.091302435824,9246.8389014015,-40945.6495175379
612,2499.86887249451,7849.40348185111,-41175.9310312782
612.5,4355.74922335645,6378.28329025542,-41286.5105104892
613,6158.6703471172,4838.80644440445,-41277.0924099227
613.5,7901.89222824749,3236.70344485598,-41147.7278208969
614,9579.02741286611,1578.08115668453,-40898.8138877672
614.5,11184.0697755869,-130.605154894667,-40531.0922234597
615,12711.4213274002,-1882.58162221703,-40045.6463311596
615.5,14155.9169148329,-3670.78728116225,-39443.8980421463
616,15512.8466690324,-5487.90714804302,-38727.6029826273
616.5,16777.9760735044,-7326.40671760845,-37898.8450852339
617,17947.5635310201,-9178.56772026428,-36960.030163587
617.5,19018.3753236613,-11036.5249649901,-35913.8785710252
618,19987.6978750341,-12892.3040835819,-34763.4169671843
618.5,20853.3472402294,-14737.8599820039,-33511.9692186386
619,21613.6757669678,-16565.1157960625,-32163.1464622336
619.5,22267.5758903548,-18366.0021415426,-30720.8363620666
620,22814.4810435197,-20132.496443584,-29189.1915932847
620.5,23254.3636868591,-21856.6621265983,-27572.6175879776
621,23587.7304793442,-23530.6874445786,-25875.7595804261
621.5,23815.6146360607,-25146.923732328,-24103.4889908339
622,23939.5655365072,-26697.9228609701,-22260.8891884074
622.5,23961.6356678563,-28176.4736861245,-20353.2406762565
623,23884.3650060623,-29575.6372842525,-18386.005742066
623.5,23710.7629551034,-30888.780781827,-16364.8126198286
624,23444.2879804908,-32109.6095930009,-14295.439209136
624.5,23088.8250872512,-33232.1978941405,-12183.7963995894
625,22648.6613047099,-34251.017177759,-10035.911048824
625.5,22128.4593504236,-35160.962743747,-7857.90866342702
626,21533.2296534731,-35957.3780021005,-5655.99583268202
626.5,20868.3009229826,-36636.0764783071,-3436.44246558313
627,20139.2894512161,-37193.3614298671,-1205.56388193362
627.5,19352.0673419927,-37626.0429998347,1030.29719142152
628,18512.7298545709,-37931.4528504833,3264.788668085
628.5,17627.5620507592,-38107.4562369901,5491.56714221489
629,16703.004928996,-38152.461497173,7704.31587032538
629.5,15745.621223745,-38065.426948612,9896.76264416801
630,14762.0610420127,-37845.865198797,12062.6975045288
630.5,13759.027501368,-37493.844887147,14195.9902463549
631,12743.2425257886,-37009.9898897701,16290.6076663379
631.5,11721.4129472282,-36395.4760286458,18340.6305049199
632,10700.1970522379,-35652.0253365076,20340.2700356578
632.5,9686.17170449104,-34781.8979371259,22283.8842559761
633,8685.80016587526,-33787.8816080029,24165.993634554
633.5,7705.40073106718,-32673.2790987917,25981.2963719308
634,6751.11628335165,-31441.8932841479,27724.6831323692
634.5,5828.8848729774,-30098.0102343571,29391.2512065825
635,4944.41141361765,-28646.3802910927,30976.318066611
635.5,4103.14058755953,-27092.1972391912,32475.4342759176
636,3310.23104606386,-25441.0756685515,33884.3957196577
636.5,2570.530987881,-23699.0266232911,35199.2551220595
637,1888.55519609375,-21872.4316382868,36416.3328199269
637.5,1268.46361119091,-19968.0152662898,37532.2267634347
638,714.041516417458,-17992.8162020533,38543.821717624
638.5,228.681409851567,-15954.1571134162,39448.2976403227
639,-184.633363837998,-13859.613293118,40243.137214593
639.5,-523.343150582582,-11716.9802492993,40926.1325162495
640,-785.324623526205,-9534.24035718388,41495.3907994892
640.5,-968.901451827486,-7319.52869931075,41949.3393862109
641,-1072.85293734243,-5081.09822684869,42286.7296471877
641.5,-1096.42055859648,-2827.28437988719,42506.6400658593
642,-1039.31236612113,-566.469310071103,42608.4783781552
642.5,-901.705178975109,1692.95414561091,42591.9827843993
643,-684.244539195663,3942.61858579801,42457.2222320104
643.5,-388.042389108794,6174.21810146275,42204.5957703642
644,-14.6724459054503,8379.5441048962,41834.8309818288
644.5,433.836741336832,10550.5207637778,41348.9814956133
645,955.011054973337,12679.2398702765,40748.4235936677
645.5,1545.94238202812,14757.9949733202,40034.8519204405
646,2203.30247264621,16779.3146015909,39210.2743108178
646.5,2923.35904388758,18735.9944055916,38277.0057530448
647,3701.99407310083,20621.128049427,37237.6615058328
647.5,4534.72420874747,22428.1366868437,36095.1493912082
648,5416.72320995258,24150.7968616439,34852.6612869205
648.5,6342.8463095088,25783.2666798646,33513.6638444219
649,7307.65637884806,27320.1101100881,32081.8884605243
649.5,8305.45175791511,28756.3192788641,30561.3205328516
650,9330.29559821896,30087.3346403969,28956.1880311061
650.5,10376.0465538856,31309.062913248,27270.9494179747
651,11436.3906435487,32417.8926916556,25510.280955188
651.5,12504.8740956322,33410.7076549718,23679.0634318307
652,13574.9369811896,34284.8973154523,21782.3683534594
652.5,14639.9474321456,35038.3652619204,19825.4436319343
653,15693.2362386265,35669.5348744333,17813.6988170903
653.5,16728.1316171513,36177.3525026983,15752.6899124743
654,17737.9939417879,36561.2881183752,13648.1038183534
654.5,18716.2502329179,36821.3334682708,11505.7424460471
655,19656.4282029258,36957.9977715481,9331.50654836458
655.5,20552.1896647833,36972.3010192169,7131.3793115258
656,21397.3631179832,36865.7649481274,4911.40975442138
656.5,22185.9753363638,36640.4017743309,2677.6959814145
657,22912.281793831,36298.7007818411,436.36833511252
657.5,23570.7957765725,35843.612872482,-1806.42750436182
658,24156.3160437903,35278.5331905753,-4044.54742709333
658.5,24663.9529129971,34607.2819427271,-6271.86576172767
659,25089.1526602472,33834.0835379381,-8482.29205835602
659.5,25427.7201400554,32963.5441767848,-10669.7877402168
660,25675.8395439552,32000.6280205822,-12828.3825790002
660.5,25830.0932304496,30950.6320723962,-14952.1909491622
661,25887.4785723214,29819.1599016659,-17035.4278173848
661.5,25845.4227797477,28612.0943432002,-19072.4244241675
662,25701.7956692771,27335.5692996033,-21057.6436154897
662.5,25454.9203593991,25995.9407739377,-22985.6947835511
663,25103.5818831095,24599.7572568362,-24851.3483767659
663.5,24647.033716536,23153.7295894873,-26649.5499404616
664,24085.0022303534,21664.7004210987,-28375.4336511085
664.5,23417.6890774326,20139.6133767385,-30024.3353083752
665,22645.7715360018,18585.4820489661,-31591.8047508711
665.5,21770.4008326454,17009.3589245025,-33073.6176630895
666,20793.1984738446,15418.3043554166,-34465.7867428035
666.5,19716.2506185874,13819.3556829636,-35764.572199987
667,18542.1005279873,12219.4966213184,-36966.4915602256
667.5,17273.7391309913,10625.6270079928,-38068.3287475508
668,15914.5937482557,9044.53302767175,-39067.1424236612
668.5,14468.5150192717,7482.85801648738,-39960.273562584
669,12939.7620809475,5947.07395429064,-40745.352241979
669.5,11332.9860492194,4443.45375316808,-41420.3036344785
670,9653.21185897172,2978.04445116997,-41983.3531846949
670.5,7905.81852166368,1556.64142082665,-42433.0309597981
671,6096.51786466677,184.763702387231,-42768.1751638678
671.5,4231.33182142455,-1132.36942833078,-42987.9348085483
672,2316.56834718661,-2389.86054819641,-43091.7715348771
672.5,358.796041209551,-3583.15472315131,-43079.4605835016
673,-1635.18243707177,-4708.0585869141,-42951.0909128572
673.5,-3658.35806339042,-5760.75775933133,-42707.0644672195
674,-5703.54415368423,-6737.83250593758,-42348.0945988825
674.5,-7763.40596949037,-7636.27154570646,-41875.2036510273
675,-9830.49110680009,-8453.48392064603,-41289.7197101361
675.5,-11897.2605440087,-9187.30884885336,-40593.272539062
676,-13956.1202173871,-9836.02349190216,-39787.7887040797
676.5,-15999.4529857274,-10398.3485779649,-38875.4859114144
677,-18019.6508396518,-10873.4518338086,-37858.8665708585
677.5,-20009.1472056937,-11260.9491916531,-36740.7106061442
678,-21960.4491908394,-11560.9037507113,-35524.06753373
678.5,-23866.1696098992,-11773.8224878859,-34212.2478335764
679,-25719.0586360117,-11900.6507273806,-32808.8136373321
679.5,-27512.0349138718,-11942.7643946839,-31317.568761106
680,-29238.2159760191,-11901.9600962722,-29742.5481116816
680.5,-30890.9478047624,-11780.4430821974,-28088.0064966062
681,-32463.8333860971,-11580.8131642355,-26358.4068700805
681.5,-33950.7601072644,-11306.0486772107,-24558.4080479646
682,-35345.925856374,-10959.4885852378,-22692.8519265039
682.5,-36643.8636906779,-10544.8128477125,-20766.7502405715
683,-37839.4649495383,-10066.0211717122,-18785.2708983016
683.5,-38928.0006987329,-9527.41028787206,-16753.7239299682
684,-39905.1414043266,-8933.5498956212,-14677.5470898316
684.5,-40766.9747467204,-8289.25743078654,-12562.2911504377
685,-41510.0214984796,-7599.57181392675,-10413.604929506
685.5,-42131.2494029198,-6869.7263413101,-8237.22009008595
686,-42628.0850040013,-6105.12088220709,-6038.93575509845
686.5,-42998.42339163,-5311.2935461774,-3824.60297770167
687,-43240.635839798,-4493.89198237661,-1600.10910914117
687.5,-43353.5753279348,-3658.64446970985,628.637894147119
688,-43336.5799482184,-2811.33095206515,2855.72518240866
688.5,-43189.474213276,-1957.75416703858,5075.2507017479
689,-42912.5682895712,-1103.71100970997,7281.33881915118
689.5,-42506.6551917392,-254.964265340628,9468.15584220617
690,-41973.0059821433,582.785163447339,11629.9253927863
690.5,-41313.3630279427,1403.92541817756,13760.9435944838
691,-40529.9313749905,2202.96012682515,15855.5940341952
691.5,-39625.368303942,2974.53402800267,17908.362458978
692,-38602.771139084,3713.45768692706,19913.8511701112
692.5,-37465.6633846769,4414.73122158494,21866.7930772017
693,-36217.9792671013,5073.56696559473,23762.06537618
693.5,-34864.0467639182,5685.41100180012,25594.7028161199
694,-33408.5692031978,6245.96350755103,27359.9105209994
694.5,-31856.6055182469,6751.19785886547,29053.0763337848
695,-30213.5492442775,7197.37844621185,30669.7826515653
695.5,-28485.1063447362,7581.07715949179,32205.8177218978
696,-26677.2719560288,7899.18850397113,33657.1863720178
696.5,-24796.3061403502,8148.94331244894,35020.1201441501
697,-22848.7087373302,8327.92102193588,36291.0868117911
697.5,-20841.1934063108,8434.06048562454,37466.7992535427
698,-18780.6609523263,8465.66929307305,38544.2236628374
698.5,-16674.1720303134,8421.43157340028,39520.587073713
699,-14528.9193237418,8300.41425803084,40393.3841846631
699.5,-12352.1992957371,8102.07178124844,41160.3834644987
700,-10151.3836128487,7826.24919864595,41819.6325261058
700.5,-7933.89034386196,7473.18370562213,42369.4627559691
701,-5707.15503841206,7043.50454048104,42808.4931893397
701.5,-3478.60179256902,6538.23125955025,43135.6336229609
702,-1255.61441093472,5958.77037514301,43350.0869593146
702.5,954.492222953217,5306.91035121964,43451.3507784125
703,3144.50045409737,4584.81495632361,43439.2181352175
703.5,5307.31772589594,3795.01497881002,43313.7775828516
704,7436.00389564445,2940.39831557004,43075.412423795
704.5,9523.79787827912,2024.19845237654,42724.7991933305
705,11564.1435009607,1049.98136160254,42262.9053815058
705.5,13550.7144518773,21.6308513400527,41690.9864018891
706,15477.4382082974,-1056.66759120748,41010.5818173563
706.5,17338.5188315026,-2180.44440987412,40223.5108350799
707,19128.4585198475,-3344.96498138114,39331.8670847765
707.5,20842.0778158585,-4545.24993719286,38338.012696109
708,22474.5343690293,-5776.09672378511,37244.5716929242
708.5,24021.3401627862,-7032.10230996335,36054.4227237348
709,25478.3771219513,-8307.68694039927,34770.6911495193
709.5,26841.9110258764,-9597.11882557041,33396.7405115087
710,28108.6036621676,-10894.5396499598,31936.1634031556
710.5,29275.5231664718,-12193.9907728746,30392.7717719331
711,30340.1525050183,-13489.4399897261,28770.5866779769
711.5,31300.3960683631,-14774.8087162228,27073.8275378843
712,32154.5843568978,-16043.999453774,25306.900883179
712.5,32901.4767509964,-17290.9233915872,23474.3886640819
713,33540.2623709978,-18509.5279995204,21581.0361302516
713.5,34070.5590443676,-19693.824465769,19631.7393211082
714,34492.4104091923,-20837.9148349177,17631.5321992031
714.5,34806.2811944333,-21936.0187047584,15585.5734608596
715,35013.0507279732,-22982.4993444924,13499.1330589796
715.5,35114.0047332655,-23971.8891024302,11377.5784734885
716,35110.8254842382,-24898.9139779532,9226.36076537424
716.5,35005.5803958995,-25758.5172401815,7051.00045067262
717,34800.7091347836,-26545.88198435,4857.07323104894
717.5,34499.0093389142,-27256.4525261629,2650.19561783721
718,34103.6210413268,-27885.9545442109,436.010486516872
718.5,33618.0098944058,-28430.4138907071,-1779.82740136508
719,33045.9492943829,-28886.1740011664,-3991.66587188001
719.5,32391.5015063794,-29249.9118440347,-6193.8697712154
720,31658.9978904367,-29518.6523615245,-8380.83532042579
720.5,30853.0183281672,-29689.7813628703,-10547.0043562048
721,29978.3699480939,-29761.0568407676,-12686.8784218565
721.5,29040.0652455459,-29730.6186907849,-14795.0326731409
722,28043.2996902866,-29596.9968219465,-16866.1295642489
722.5,26993.4289119927,-29359.1176544224,-18894.9322798239
723,25895.9455504203,-29016.3090072703,-20876.3178796886
723.5,24756.4558537132,-28568.3033854422,-22805.2901237612
724,23580.6561049505,-28015.2396807881,-24676.9919455406
724.5,22374.3089538077,-27357.6633065839,-26486.7175435171
725,21143.2197272092,-26596.5247892134,-28229.924060912
725.5,19893.2127901735,-25733.1768441046,-29902.2428252659
726,18630.1080257454,-24769.3699659128,-31499.4901205875
726.5,17359.6975010289,-23707.2465653533,-33017.6774660165
727,16087.7223849112,-22549.3336870808,-34453.0213762797
727.5,14819.8501820977,-21298.5343446981,-35801.9525805834
728,13561.6523475699,-19958.1175104381,-37061.1246780188
728.5,12318.5823454945,-18531.7067984035,-38227.4222090406
729,11095.9542169106,-17023.2678815501,-39297.9681241044
729.5,9898.92172115119,-15437.0946839632,-40270.1306321293
730,8732.45811683161,-13777.7943914718,-41141.5294130668
730.5,7601.33664928686,-12050.2713253517,-41910.0411805119
731,6510.11181245638,-10259.7097258473,-42573.8045819792
731.5,5463.10145430112,-8411.55549453519,-43131.2244261817
732,4464.3697957815,-6511.49694720829,-43580.9752283928
732.5,3517.71143411109,-4565.4446319838,-43922.0040667273
733,2626.63640132005,-2579.51027074784,-44153.5327439567
733.5,1794.35634899619,-559.984885826669,-44275.0592512552
734,1023.77192932135,1486.68382211054,-44286.3585320664
734.5,317.461441078653,3553.91477449537,-44187.4825460722
735,-322.329192907087,5635.01741858058,-43978.7596350317
735.5,-893.695053497742,7723.21615455474,-43660.7931940379
736,-1395.0793987133,9811.67520128074,-43234.4596535063
736.5,-1825.27932843652,11893.5238110289,-42700.9057789529
737,-2183.44989172403,13961.8817388445,-42061.5452973445
737.5,-2469.10659493939,16009.8848677083,-41318.0548604978
738,-2682.12627669926,18030.7108865368,-40472.369357664
738.5,-2822.74632428189,20017.6049144309,-39526.6765910607
739,-2891.56221561082,21963.904961556,-38483.4113296897
739.5,-2889.5233810986,23863.0671147083,-37345.248758318
740,-2817.92739039686,25708.6903341081,-36115.0973399775
740.5,-2678.41248030668,27494.5407473382,-34796.0911117684
741,-2472.94845160836,29214.5753266851,-33391.5814351171
741.5,-2203.82597419526,30862.9648375036,-31905.1282229491
742,-1873.64435147317,32434.1159476232,-30340.4906674723
742.5,-1485.29780632565,33922.6923912827,-28701.6174934399
743,-1041.96036187119,35323.6350855773,-26992.6367628611
743.5,-547.069400566417,36632.1811029189,-25217.8452581522
744,-4.30799478047447,37843.8814094636,-23381.6974716718
744.5,582.413889379151,38954.6172867861,-21488.7942304535
745,1208.97920560323,39960.6153621824,-19543.8709857469
745.5,1871.08454244745,40858.4611817211,-17551.7857976837
746,2564.26161890272,41645.1112694478,-15517.5070460251
746.5,3283.89943555753,42317.9036258087,-13446.1008984902
747,4025.26695390193,42874.5666282681,-11342.7185686385
747.5,4783.53617512873,43313.2263071071,-9212.58339566148
748,5553.80548992022,43632.4119793591,-7060.97777874662
748.5,6331.1231721131,43831.0602336246,-4893.22999889428
749,7110.51089173465,43908.5172679935,-2714.70096121383
749.5,7886.98712660521,43864.5395923612,-530.77089078121
750,8655.5903563827,43699.2931149666,1653.17398487887
750.5,9411.40192845798,43413.3506409146,3831.75473372294
751,10149.5684913534,43007.6878177131,5999.61296474881
751.5,10865.323898074,42483.677569409,8151.42398865807
752,11554.0104890696,41843.0830667208,10281.9098614297
752.5,12211.0996719346,41088.049285636,12385.8522790228
753,12832.2117225458,40221.0932112701,14458.105291909
753.5,13413.1347399029,39245.0927474121,16493.6078086973
754,13949.8426943417,38163.2743951346,18487.3958587382
754.5,14438.5125159528,36979.1997661908,20434.6145842983
755,14875.5401768423,35696.750998711,22330.5299336635
755.5,15257.5557272623,34320.1151440241,24170.5400273632
756,15581.4372515371,32853.7675943321,25950.1861706097
756.5,15844.3237151015,31302.4546215481,27665.1634860086
757,16043.6266788069,29671.1750979253,29311.3311416185
757.5,16177.0408609523,27965.1614692613,30884.72215052
758,16242.5535312713,26189.8600514936,32381.5527191901
758.5,16238.4527243658,24350.9107214991,33798.2311231637
759,16163.3342628969,22454.1260729143,35131.3660897059
759.5,16016.107583235,20505.47010785,36377.7746684981
760,15796.000358341,18511.0365355242,37534.4895726732
760.5,15502.5619144276,16477.0267491031,38598.7659738961
761,15135.6654395466,14409.7275524326,39568.0877365939
761.5,14695.5089837166,12315.4887088686,40440.1730778728
762,14182.6152516388,10200.700385061,41212.9796411239
762.5,13597.8301905199,8071.77056329169,41884.7089728095
763,12942.3203771117,5935.10249678824,42453.8103934315
763.5,12217.5692098411,3797.07228328198,42918.9842552107
764,11425.3719139285,1664.00663291223,43279.1845805483
764.5,10567.8293697043,-457.839092662207,43533.6210768861
765,9647.34077699381,-2562.3024924551,43681.7605251398
765.5,8666.5951714788,-4643.33531173053,43723.3275404327
766,7628.5618123664,-6695.02412288114,43658.3047054072
766.5,6536.47946452823,-8711.61042368679,43486.9320779363
767,5393.84460248606,-10687.5100755913,43209.7060765865
767.5,4204.39856820659,-12617.3320056503,42827.3777487004
768,2972.11371958472,-14495.8960973308,42340.9504274605
768.5,1701.17861168867,-16318.250197423,41751.6767857668
769,395.982258257432,-18079.686169011,41061.0552962046
769.5,-938.902473501831,-19775.7549237446,40270.8261077882
770,-2298.7362761499,-21402.2803705986,39382.9663515431
770.5,-3678.63155903119,-22955.3722228783,38399.6848883243
771,-5073.57127935675,-24431.4376104258,37323.4165135646
771.5,-6478.42837241349,-25827.191449774,36156.8156348954
772,-7887.9857010603,-27139.6655313292,34902.7494397823
772.5,-9296.95644020203,-28366.2162894959,33564.2905714695
773,-10700.0048079872,-29504.5312289004,32144.7093326226
773.5,-12091.767052141,-30552.6339874567,30647.4654371025
774,-13466.8725971964,-31508.8880248373,29076.1993312838
774.5,-14819.9652564918,-32371.9989328803,27434.72310726
775,-16145.7244117095,-33141.0153724566,25727.0110311356
775.5,-17438.8860624723,-33815.3286492442,23957.1897104139
776,-18694.2636491182,-34394.6709485847,22129.5279252231
776.5,-19906.768553224,-34879.1122570387,20248.4261487992
777,-21071.4301827483,-35269.0560052926,18318.4057832569
777.5,-22183.4155517617,-35565.233473626,16344.0981372219
778,-23238.0482685929,-35768.6970071224,14330.2331723802
778.5,-24230.8268507689,-35880.8120931496,12281.6280464151
779,-25157.4422902904,-35903.2483582658,10203.1754801504
779.5,-26013.7947984805,-35837.9695456197,8099.8319770033
780,-26796.0096657694,-35687.2225370487,5976.60592306848
780.5,-27500.452178232,-35453.5254864528,3838.54559631151
781,-28123.7415393813,-35139.6551326478,1690.72711343366
781.5,-28662.7637525205,-34748.6333607799,-461.757656998607
782,-29114.6834257877,-34283.713081589,-2613.81318660905
782.5,-29476.9544687659,-33748.363497366,-4760.35235600257
783,-29747.3296561154,-33146.2548224411,-6896.3084720048
783.5,-29923.8690400129,-32481.2425245347,-9016.64720529332
784,-30004.9471991874,-31757.3511513818,-11116.3784206484
784.5,-29989.2593179746,-30978.7578047904,-13190.5678724019
785,-29875.8260940068,-30149.7753218048,-15234.3487380696
785.5,-29663.9974778963,-29274.8352200039,-17242.9329636211
786,-29353.4552525216,-28358.4704612547,-19211.6223943632
786.5,-28944.2144632867,-27405.2980855564,-21135.8196659987
787,-28436.6237139977,-26420.0017640092,-23011.038831054
787.5,-27831.3643457946,-25407.3143175142,-24832.9156965653
788,-27129.4485189236,-24372.0002455999,-26597.2178496514
788.5,-26332.2162190691,-23318.8383078372,-28299.8543484009
789,-25441.3312115169,-22252.6041986883,-29936.8850563403
789.5,-24458.7759676563,-21178.0533553584,-31504.5295996452
790,-23386.8455892858,-20099.903937311,-32999.1759271911
790.5,-22228.1407569334,-19022.8200155634,-34417.3884545204
791,-20985.5597289923,-17951.3950097071,-35755.9157738256
791.5,-19662.2894189651,-16890.1354107672,-37011.6979131091
792,-18261.7955785706,-15843.4448285154,-38181.8731287736
792.5,-16787.8121149434,-14815.6084026386,-39263.784217035
793,-15244.3295707127,-13810.7776181926,-40254.9843307069
793.5,-13635.5827964298,-12832.9555669933,-41153.2422891009
794,-11966.0378456588,-11885.9826979496,-41956.5473700047
794.5,-10240.3781241116,-10973.5231007573,-42663.1135739407
795,-8463.48982550022,-10099.051368784,-43271.3833521737
795.5,-6640.44668834393,-9265.84008830017,-43780.0307912098
796,-4776.49410980461,-8476.94800238421,-44187.9642478313
796.5,-2877.03265474031,-7735.20889875791,-44494.3284300137
797,-947.601000561755,-7043.22127142863,-44698.5059203873
797.5,1006.14163886963,-6403.33880624745,-44800.1181402295
798,2978.43356416973,-5817.66174026126,-44799.0257532908
798.5,4963.42906696126,-5288.02914399208,-44695.3285100878
799,6955.2172795253,-4816.01217444458,-44489.3645346091
799.5,8947.84134173436,-4402.90834469058,-44181.7090566911
800,10935.3178260215,-4049.73685326286,-43773.1725946253
800.5,12911.6563577477,-3757.23501328577,-43264.7985938407
801,14870.8793650376,-3525.85581727141,-42657.8605287761
801.5,16807.0418890198,-3355.76666881773,-41953.8584763058
802,18714.2513825266,-3246.84930707598,-41154.5151703081
802.5,20586.6874227408,-3198.70094385278,-40261.771548163
803,22418.6212611161,-3210.63662661493,-39277.7818011344
803.5,24204.4351322018,-3281.69283355055,-38204.9079417281
804,25938.6412418421,-3410.63229927649,-37045.7139022159
804.5,27615.9003546581,-3595.95006187101,-35802.9591795748
805,29231.0399007979,-3835.88071374944,-34479.5920431131
805.5,30779.0715226964,-4128.40683060342,-33078.7423220255
806,32255.2079840496,-4471.26854431333,-31603.7137910515
806.5,33654.8793653811,-4861.97421753536,-30057.9761732879
807,34973.7484734678,-5297.81216969118,-28445.1567800369
807.5,36207.7253954679,-5775.86339646526,-26769.0318083466
808,37352.9811328356,-6293.01521776252,-25033.5173176247
808.5,38405.9602549583,-6845.97578250756,-23242.6599073682
809,39363.392517862,-7431.28935277217,-21400.6271186676
809.5,40222.3033992224,-8045.35228458869,-19511.6975826908
810,40980.0235072188,-8684.42961851165,-17580.2509398485
810.5,41634.1968273892,-9344.67218958512,-15610.7575537752
811,42182.7877784864,-10022.1341638907,-13607.7680446364
811.5,42624.087055318,-10712.790907314,-11575.9026665849
812,42956.7162435658,-11412.5570915676,-9519.84055444592
812.5,43179.6311985463,-12117.3049428319,-7444.30886490458
813,43292.1241866875,-12822.8825395845,-5354.0718376054
813.5,43293.8247950958,-13525.1320682248,-3253.91980164805
814,43184.699620875,-14219.907947907,-1148.65815298094
814.5,42965.0507577985,-14903.0947394832,956.903671847247
815,42635.5131034405,-15570.6247575446,3057.963200218
815.5,42197.0505149409,-16218.4953091428,5149.73588105306
816,41650.9508461381,-16842.7854877597,7227.46597051398
816.5,40998.8199028774,-17439.6724563931,9286.43732107126
817,40242.5743568528,-18005.4471591194,11321.9840495461
817.5,39384.4336613966,-18536.5294060921,13329.5010601084
818,38426.9110151865,-19029.4822825486,15304.4543986396
818.5,37372.8034219446,-19481.0258379339,17242.3914153589
819,36225.1808958656,-19888.050016643,19138.9507131355
819.5,34987.3748637858,-20247.6267970583,20989.8718594986
820,33662.9658160294,-20557.021510467,22791.0048409796
820.5,32255.7702584907,-20813.7033160404,24538.319239102
821,30769.8270188745,-21015.3548123061,26227.9131080487
821.5,29209.3829601832,-21159.8807694355,27856.0215348033
822,27578.8781545359,-21245.4159701824,29419.0248633621
822.5,25882.9305702933,-21270.3321504526,30913.4565654589
823,24126.3203252798,-21233.2440332701,32336.0107411211
823.5,22313.9735586675,-21133.0144523501,33683.5492332907
824,20450.9459738628,-20968.7585636242,34953.1083416938
824.5,18542.4061045288,-20739.8471449195,36141.9051221131
825,16593.6183557101,-20445.9089856165,37247.3432582296
825.5,14609.9258719135,-20086.8323695361,38267.0184942263
826,12596.7332839415,-19662.7656555904,39198.7236174012
826.5,10559.4893862802,-19174.1169619106,40040.4529811117
827,8503.66979689841,-18621.5529603,40790.4065594642
827.5,6434.75965140652,-18005.9967889834,41446.9935262671
828,4358.23638364137,-17328.6250927923,42008.8353518887
828.5,2279.55264485338,-16590.864201166,42474.7684127839
829,204.119413755023,-15794.385455718,42843.8461095949
829.5,-1862.71065028881,-14941.0997006189,43115.3404908653
830,-3915.65955871928,-14033.1509507337,43288.7433805484
830.5,-5949.53999788544,-13072.9092543212,43363.7670086297
831,-7959.27093414785,-12062.9627691781,43340.344145314
831.5,-9939.89276890895,-11006.109073389,43218.6277403564
832,-11886.5819932941,-9905.34573432494,42998.9900702308
832.5,-13794.6652932703,-8763.86016219865,42682.021396932
833,-15659.6330573446,-7585.01877732645,42268.5281432947
833.5,-17477.152240654,-6372.35552322318,41759.530590784
834,-19243.0785412609,-5129.55976074622,41156.2601067562
834.5,-20953.4678468137,-3860.46358166011,40460.1559092187
835,-22604.5869124248,-2569.02858317148,39672.8613781135
835.5,-24192.9232336584,-1259.33214813746,38796.2199231244
836,-25715.1940818937,64.446721277769,37832.270418948
836.5,-27168.3546730166,1398.04196578338,36783.2422198811
837,-28549.6054443741,2737.11537351461,35651.5497664531
837.5,-29856.3984191611,4077.27177098505,34439.7867976746
838,-31086.4426418616,5414.07444225264,33150.7201832782
838.5,-32237.7086729877,6743.06071624333,31787.2833910935
839,-33308.4321361021,8059.7576606918,30352.5696054289
839.5,-34297.1163149087,9359.69782009649,28849.8245130127
840,-35202.5338030066,10638.4349344776,27282.4387736989
840.5,-36023.727213651,11891.5595755927,25653.9401937396
841,-36760.0089614995,13114.7146376166,23967.9856199872
841.5,-37410.9601327786,14303.610620138,22228.3525739048
842,-37976.4284645419,15454.0406426553,20438.9306447359
842.5,-38456.5254576242,16561.8951315591,18603.7126616062
843,-38851.6226515282,17623.1761228367,16726.785664717
843.5,-39162.3470927171,18634.0111264065,14812.3216961234
844,-39389.5760306445,19590.6665010349,12864.568430881
844.5,-39534.430878271,20489.5602921667,10887.8396695921
845,-39598.2704758083,21327.2744886645,8886.50571358315
845.5,-39582.6836979678,22100.5666583383,6864.98364409771
846,-39489.4814460883,22806.3809262064,4827.72752700421
846.5,-39320.688067185,23441.8582635973,2779.21856457933
847,-39078.5322422141,24004.346060425,723.955215950853
847.5,-38765.4373857157,24491.4069571844,-1333.55669223967
848,-38384.0115985183,24900.826917372,-3388.81384346193
848.5,-37937.0372143909,25230.622525081,-5437.32527582769
849,-37427.459980474,25479.0474964083,-7474.62217230011
849.5,-36858.3779100343,25644.598397,-9496.26757555132
850,-36233.029844644,25726.0195615184,-11497.8660066765
850.5,-35554.7837613137,25722.3072140085,-13475.0729672559
851,-34827.1248584759,25632.7127910535,-15423.604304576
851.5,-34053.6434530585,25456.7454722243,-17339.245420186
852,-33238.0227192675,25194.1739246375,-19217.8603023664
852.5,-32384.0262981478,24845.027270442,-21055.4003635297
853,-31495.4858055544,24409.5952877592,-22847.9130640501
853.5,-30576.2882648858,23888.4278570172,-24591.5503045381
854,-29630.3634898257,23282.333665766,-26282.5765691247
854.5,-28661.6714414494,22592.3781859552,-27917.3768029114
855,-27674.1895833782,21819.8809383288,-29492.4640073586
855.5,-26671.9002582391,20966.4120590643,-31004.4865380393
856,-25658.7781085116,20033.7881841049,-32450.235089872
856.5,-24638.777564905,19024.0676668122,-33826.6493556542
857,-23615.8204257293,17939.5451446666,-35130.8243444662
857.5,-22593.7835512664,16782.7454707738,-36360.0163472768
858,-21576.4866979138,15556.4170259584,-37511.6485378827
858.5,-20567.6805178321,14263.5244272513,-38583.3161981222
859,-19571.0347509539,12907.2406486627,-39572.7915571476
859.5,-18590.1266374803,11490.9385702936,-40478.0282353974
860,-17628.4295803521,10018.1819721143,-41297.1652847841
860.5,-16689.3020886132,8492.71598914883,-42028.5308175061
861,-15775.9770340278,6918.4570453828,-42670.6452168025
861.5,-14891.5512547313,5299.48228446374,-43222.2239238823
862,-14038.9755410395,3640.0185162165,-43682.1797961971
862.5,-13221.0450397597,1944.43069915202,-44049.6250331598
863,-12440.3901143969,217.209980513562,-44323.8726663592
863.5,-11699.4676994747,-1537.03868301912,-44504.4376122718
864,-11000.5531877476,-3313.6092990721,-44591.0372864232
864.5,-10345.7328893285,-5107.70798090184,-44583.5917789062
865,-9736.8971016422,-6914.46642730236,-44482.2235921144
865.5,-9175.73382861031,-8728.95570981097,-44287.2569425022
866,-8663.72318654492,-10546.2003335267,-43999.2166291181
866.5,-8202.13253284423,-12361.1925353766,-43618.8264726035
867,-7792.01235172734,-14168.9067811361,-43147.0073292681
867.5,-7434.19292891103,-15964.3144199905,-42584.8746857675
868,-7129.28184430536,-17742.3984529473,-41933.7358408141
868.5,-6877.6623085023,-19498.1683690327,-41195.0866812288
869,-6679.49236506478,-21226.6750009755,-40370.608060512
869.5,-6534.70497641473,-22923.0253500489,-39462.1617889548
870,-6443.00900650976,-24582.397327961,-38471.7862451357
870.5,-6403.89110852322,-26200.0543621908,-37401.6916194439
871,-6416.61852046423,-27771.359810025,-36254.254801047
871.5,-6480.24276614391,-29291.7911257747,-35032.0139204588
872,-6593.60425318544,-30756.9537252999,-33737.6625605831
872.5,-6755.33775395747,-32162.5944920496,-32374.0436497865
873,-6963.87874946093,-33504.6148693708,-30944.1430512043
873.5,-7217.47061039844,-34779.0834848532,-29451.0828630996
874,-7514.1725839815,-35982.2482539672,-27898.1144456703
874.5,-7851.86854956451,-37110.5479122105,-26288.6111902419
875,-8228.27650101337,-38160.6229273915,-24626.0610472861
875.5,-8640.95870888767,-39129.3257465202,-22914.0588301669
876,-9087.33251111393,-40013.7303350261,-21156.2983119405
876.5,-9564.68167689997,-40811.1409696218,-19356.5641329145
877,-10070.1682852476,-41519.1002500586,-17518.723537014
877.5,-10600.8450565954,-42135.3962992078,-15646.7179552998
878,-11153.6680738967,-42658.0691253029,-13744.5544552384
878.5,-11725.5098278254,-43085.4161247335,-11816.2970745386
879,-12313.1725198177,-43415.9967084372,-9866.05805853763
879.5,-12913.4015562801,-43648.6360396223,-7897.98902025165
880,-13522.8991675326,-43782.4278752335,-5916.27204228475
880.5,-14138.3380858521,-43816.7365081609,-3925.11073984029
881,-14756.3752183337,-43751.1978116759,-1928.72130407432
881.5,-15373.6652521252,-43585.7193918719,68.6764550071148
882,-15986.8741318778,-43320.4798579855,2062.86804698794
882.5,-16592.6923519347,-42955.9272243123,4049.65320182293
883,-17187.8480087865,-42492.7764610114,6024.85471412612
883.5,-17769.1195625995,-41932.0062143626,7984.3272123355
884,-18333.3482601055,-41274.8547200171,9923.96583436449
884.5,-18877.4501747685,-40522.8149354339,11839.7147916303
885,-19398.4278238525,-39677.6289200344,13727.5758036652
885.5,-19893.3813257509,-38741.2814936402,15583.616385871
886,-20359.5190646518,-37715.993205487,17403.9779733655
886.5,-20794.1678332424,-36604.2126475563,19184.8838642925
887,-21194.7824276863,-35408.6081471491,20922.6469664244
887.5,-21558.9546724699,-34132.0588745687,22613.6773313764
888,-21884.4218559106,-32777.6454025,24254.4894612691
888.5,-22169.0745601075,-31348.6397542114,25841.7093732303
889,-22410.9638718889,-29848.4949780661,27372.0814077033
889.5,-22608.3079638642,-28280.8342860711,28842.4747671365
890,-22759.4980370064,-26649.4397942963,30249.889772261
890.5,-22863.1036182964,-24958.2409030406,31591.4638238208
891,-22917.8772088458,-23211.3023545726,32864.4770582989
891.5,-22922.7582796023,-21412.8120061975,34066.357686883
892,-22876.8766132482,-19567.0683562851,35194.687007637
892.5,-22779.5549922479,-17678.467860764,36247.2040815816
893,-22630.3112342063,-15751.4920774475,37221.8100641431
893.5,-22428.8595767977,-13790.6946754239,38116.5721841984
894,-22175.1114155361,-11800.6883466062,38929.7273637266
894.5,-21869.1753986092,-9786.13165640968,39659.6854718701
895,-21511.3568839209,-7751.71587039476,40305.0322080111
895.5,-21102.1567644039,-5702.15179357924,40864.531609278
896,-20642.2696685942,-3642.15665897544,41337.1281787096
896.5,-20132.5815444361,-1576.44110173408,41721.9486311257
897,-19574.1666353168,490.303744934765,42018.3032545689
897.5,-18968.2838584364,2553.418996157,42225.686886004
898,-18316.3725968155,4608.29056853166,42343.7795007771
898.5,-17620.0479175319,6650.36150485012,42372.4464161494
899,-16881.0952301682,8675.14403575519,42311.7381100283
899.5,-16101.4644009478,10678.2313443263,42161.8896568165
900,-15283.2633396235,12655.309000342,41923.3197830933
900.5,-14428.7510778654,14602.1660318729,41596.6295466147
901,-13540.3303596495,16514.7056029184,41182.600642893
901.5,-12620.5397659721,18388.9552670249,40682.1933443612
902,-11672.0453980731,20221.0767682128,40096.5440778688
902.5,-10697.6321452391,22007.3753621073,39426.9626469704
903,-9700.19456513243,23744.3086319022,38674.9291061713
903.5,-8682.72740644242,25428.4947756942,37842.0902949703
904,-7648.31580544263,27056.7203437869,36930.2560402027
904.5,-6600.12518973633,28625.9474067857,35941.3950358171
905,-5541.39092405357,30133.3201376474,34877.6304098369
905.5,-4475.40773439681,31576.1707933243,33741.2349888401
906,-3405.5189480911,32952.0250842002,32534.6262708563
906.5,-2335.10558835239,34258.6069221542,31260.3611181138
907,-1267.57536282485,35493.842540772,29921.1301815772
907.5,-206.351586129211,36655.8639839227,28519.7520696979
908,845.137923200615,37743.0119616125,27059.1672742527
908.5,1883.47193095205,38753.8380746792,25542.4318665645
909,2905.24682041297,39687.1064124733,23972.7109777985
909.5,3907.08753076267,40541.7945301612,22353.2720773865
910,4885.65836171435,41317.0938146479,20687.4780639695
910.5,5837.67360649109,42012.4092503355,18978.7801835489
911,6759.90797651923,42627.3585979767,17230.7107898127
911.5,7649.20678276806,43161.7710017425,15446.8759618432
912,8502.49584043045,43615.685041272,13630.9479946245
912.5,9316.79106560682,43989.3462469118,11786.6577779514
913,10089.2077347907,44283.2040975621,9917.78707948581
913.5,10816.9693802356,44497.9085215328,8028.16074783196
914,11497.4162966731,44634.305921571,6121.63885158403
914.5,12128.0136373255,44693.4347457588,4202.10877036108
915,12706.3590796689,44676.5206263048,2273.47725386904
915.5,13230.1900439384,44584.9711083794,339.662465025607
916,13697.3904498771,44420.3699910772,-1595.41397684954
916.5,14105.9969996962,44184.4713023765,-3527.83493684236
917,14454.2049776049,43879.1929295844,-5453.69567340616
917.5,14740.3735585514,43506.6099262713,-7369.11169975865
918,14963.0306209848,43068.9475161092,-9270.22658214815
918.5,15120.8770604598,42568.5738133666,-11153.2196596058
919,15212.7906027681,42007.9922791078,-13014.3136700112
919.5,15237.8291169619,41389.8339314141,-14849.7822675366
920,15195.2334301372,40716.8493272259,-16655.9574168052
920.5,15084.4296471596,39991.9003327024,-18429.2366493878
921,14905.0309796363,39217.9516983529,-20166.0901685869
921.5,14656.8390893787,38398.0624546184,-21863.0677888009
922,14339.8449523488,37535.3771430908,-23516.8056961337
922.5,13954.2292496614,36633.1168981783,-25124.0330173115
923,13500.3622926299,35694.570393756,-26681.5781843856
923.5,12978.8034890997,34723.0846692106,-28186.3750831472
924,12390.3003584454,33722.0558492809,-29635.4689736399
924.5,11735.7871026099,32694.9197722466,-31026.0221716458
925,11016.3827404763,31645.1425412973,-32355.3194805233
925.5,10233.3888126892,30576.2110143483,-33620.7733633024
926,9388.28666381307,29491.6232481396,-34819.9288454854
926.5,8482.73430845384,28394.878913154,-35950.4681395617
927,7518.56288768621,27289.4696967235,-37010.2149828219
927.5,6497.77272186295,26178.8697126289,-37997.138680647
928,5422.52896564048,25066.5259365386,-38909.3578480537
928.5,4295.15687086866,23955.8486877473,-39745.1438428973
929,3118.13666287655,22850.2021788611,-40502.9238847575
929.5,1894.09803566221,21752.8951562898,-41181.2838541769
930,625.814271581185,20667.171655648,-41778.9707675688
930.5,-683.804008662082,19596.2018973938,-42294.8949237659
931,-2031.71545956446,18543.0733492249,-42728.1317188475
931.5,-3414.75498126076,17510.7819828856,-43077.9231265482
932,-4829.64103953194,16502.2237540736,-43343.678842226
932.5,-6272.983327247,15520.1863350567,-43524.9770890427
933,-7741.29075810733,14567.3411303772,-43621.5650856841
933.5,-9230.97978240809,13646.2356066168,-43633.3591756295
934,-10738.3830132097,12759.2859675803,-43560.4446186516
934.5,-12259.7581498419,11908.7702064161,-43403.0750459046
935,-13791.2971840465,11096.8215660969,-43161.6715806273
935.5,-15329.1358723289,10325.4224393128,-42836.821627155
936,-16869.3634562333,9596.39873816897,-42429.2773315896
936.5,-18408.0326103335,8911.41476311188,-41939.9537181332
937,-19941.1695957292,8271.96859922669,-41369.9265057272
937.5,-21464.7845948234,7679.38806644485,-40720.4296102761
938,-22974.8822011246,7134.82724827826,-39992.8523383497
938.5,-24467.4720358309,6639.26362145928,-39188.7362788701
939,-25938.5794610203,6193.49580632304,-38309.7718998753
939.5,-27384.2563574463,5798.1419549411,-37357.7948580349
940,-28800.591933238,5453.63879091929,-36334.7820291463
940.5,-30183.7235282741,5160.24131144116,-35242.8472683868
941,-31529.8473776685,4918.02315859764,-34084.236909613
941.5,-32835.229296691,4726.87766333617,-32861.3250135039
942,-34096.2152485971,4586.51956152361,-31576.6083748208
942.5,-35309.2417562554,4496.48737769492,-30232.7012995136
943,-36470.8461181724,4456.14646809731,-28832.3301628358
943.5,-37577.6763895345,4464.69271068624,-27378.3277600351
944,-38626.5010892164,4521.15682583343,-25873.6274615725
944.5,-39614.218594361,4624.40930771655,-24321.2571851725
945,-40537.8661850998,4773.16594272107,-22724.3331973377
945.5,-41394.628703262,4965.99388774122,-21086.053757261
946,-42181.8467904983,5201.31827806325,-19409.6926163381
946.5,-42897.024673093,5477.42933158074,-17698.5923867275
947,-43537.8374628592,5792.48991347131,-15956.1577926176
947.5,-44102.1379458487,6144.54352316953,-14185.8488180444
948,-44587.9628331641,6531.52266354008,-12391.173765259
948.5,-44993.538450873,6951.25755058539,-10575.6822377654
949,-45317.2858488887,7401.48512083767,-8742.95806224924
949.5,-45557.8253116368,7879.85829277624,-6896.61216367563
950,-45713.9802563606,8383.95543818011,-5040.27540787751
950.5,-45784.7805079736,8911.29001926058,-3177.59142595475
951,-45769.4649424319,9459.32034770225,-1312.20943478426
951.5,-45667.4834936221,10025.4594223558,552.222932111836
952,-45478.4985217255,10607.0848032425,2412.06676917548
952.5,-45202.3855438863,11201.5484807248,4263.69900484404
953,-44839.2333307751,11806.186700134,6103.51945508614
953.5,-44389.3433752522,12418.3297037943,7927.95781068931
954,-43853.2287418114,13035.3113542039,9733.48054473992
954.5,-43231.6123077806,13654.4786040989,11516.5977269532
955,-42525.4244093902,14273.2007811914,13273.8697317553
955.5,-41735.7999077599,14888.8786575149,15001.913827291
956,-40864.0746916236,15498.9532754852,16697.4106328185
956.5,-39911.7816351898,16100.9145049768,18357.1104322793
957,-38880.6460309356,16692.3093078772,19977.8393321616
957.5,-37772.580518365,17270.7496887134,21556.5052521438
958,-36589.6795308243,17833.9203120062,23090.1037373885
958.5,-35334.21328338,18379.5857689875,24575.7235817564
959,-34008.621325532,18905.5974782073,26010.5522516377
959.5,-32615.5056831759,19409.9002063403,27391.8811005381
960,-31157.6236147457,19890.5381971727,28717.1103650147
960.5,-29637.8800068881,20345.660898313,29983.7539330336
961,-28059.3194353464,20773.5282766136,31189.4438763128
961.5,-26425.1179169728,21172.5157146275,32331.9347387147
962,-24738.5743789753,21541.1184816546,33409.1075732759
962.5,-23003.1018716191,21877.9557740672,34418.9737209877
963,-21222.2185506815,22181.7743206502,35359.6783249838
963.5,-19399.5384559898,22451.4515496663,36229.5035743394
964,-17538.762112372,22685.9983152633,37026.8716722474
964.5,-15643.6669793203,22884.5611817009,37750.3475239009
965,-13718.0977756128,23046.4242646991,38398.641139984
965.5,-11765.9567050571,23171.010630007,38970.6097522469
966,-9791.19360941866,23257.8832500884,39465.259638226
966.5,-7797.7960744669,23306.7455206061,39881.7476527443
967,-5789.77951491875,23317.441339202,40219.3824644175
967.5,-3771.17726387195,23289.9547498964,40477.6254959682
968,-1746.03069210197,23224.4091572977,40656.0915677358
968.5,281.620617662922,23121.0661157125,40754.5492443449
969,2307.74861667963,22980.3236991984,40772.9208850726
969.5,4328.34643188579,22802.7144595872,40711.2823990212
970,6339.43787930941,22588.9029805531,40569.862706771
970.5,8337.08682562233,22339.6830368785,40349.0429107399
971,10317.4063748072,22055.9743691991,40049.3551770266
971.5,12276.5678575196,21738.8190856685,39671.4813320532
972,14210.8096014137,21389.3777031708,39216.2511778509
972.5,16116.4454614671,21008.9248419117,38684.640530349
973,17989.8730901818,20598.8445884318,38077.7689855349
973.5,19827.5819284686,20160.6255432851,37396.8974188419
974,21626.1608990217,19695.8555708081,36643.4252236012
974.5,23382.3057850754,19206.2162695498,35818.8872948613
975,25092.8262785845,18693.4771830246,34924.9507653176
975.5,26754.6526830944,18159.4897714751,33963.4115005392
976,28364.8422578472,17606.1811662755,32936.1903610859
976.5,29920.5851910012,17035.5477294489,31845.3292395115
977,31419.2101912231,16449.6484415049,30692.9868806298
977.5,32858.189688317,15850.5981414111,29481.4344937828
978,34235.1446349871,15240.5606429846,28213.0511661926
978.5,35547.8489032707,14621.7417523139,26890.3190868055
979,36794.2332706159,13996.3822109972,25515.8185903429
979.5,37972.3889919988,13366.750589995,24092.2230315569
980,39080.5709558702,12735.1361587531,22622.2934999569
980.5,40117.2004230763,12103.8417539425,21108.8733855191
981,41080.8673491986,11475.1766716968,19554.8828061147
981.5,41970.3322920007,10851.4496066118,17963.3129075986
982,42784.5279068376,10234.961660001,16337.2200476844
982.5,43522.5600339704,9627.99943899995,14679.7198748942
983,44183.708382734,9032.82826708183,12993.9813140139
983.5,44767.426818409,8451.68552540437,11283.220469607
984,45273.3432584647,7886.77414316945,9550.69445923817
984.5,45701.2591855517,7340.25625385707,7799.69518813828
985,46051.1487852345,6814.24703281016,6033.54307710092
985.5,46323.1577169709,6310.80873021967,4255.58075543445
986,46517.6015272654,5831.94491210193,2469.1667308141
986.5,46634.9637142465,5379.59492039543,677.66904786878
987,46675.8934531661,4955.62856184966,-1115.54105268581
987.5,46641.2029924784,4561.84103394879,-2907.09546260385
988,46531.8647302466,4199.94809472805,-4693.63551065887
988.5,46349.0079806593,3871.58148201415,-6471.81823157823
989,46093.9154404127,3578.28458636611,-8238.32258786031
989.5,45768.0193646511,3321.50838082447,-9989.85563310244
990,45372.8974620616,3102.60760950271,-11723.158605614
990.5,44910.2685186016,2922.83723608713,-13435.0129412565
991,44381.9877592085,2783.3491524531,-15122.2461946383
991.5,43790.0419567146,2685.18914686666,-16781.7378579974
992,43136.5442970721,2629.29413062011,-18410.4250673274
992.5,42423.7290098953,2616.48962145179,-20005.3081855447
993,41653.9457732585,2647.48748172235,-21563.4562527517
993.5,40829.6539016578,2722.88390906209,-23082.0122939269
994,39953.4163260566,2843.15767705829,-24558.1984746649
994.5,39027.893375003,3008.66862351812,-25989.3210958979
995,38055.8363659256,3219.65638390853,-27372.7754188488
995.5,37040.0810159014,3476.23936773707,-28706.0503118108
996,35983.5406814375,3778.41397588184,-29986.7327106937
996.5,34889.1994371239,4126.05405719757,-31212.5118856449
997,33760.1050034046,4518.91060310799,-32381.1835064311
997.5,32599.3615341636,4956.61167932081,-33490.6534996554
998,31410.1222753506,5438.66259427281,-34538.9416912862
998.5,30195.5821064566,5964.44630439752,-35524.1852283856
999,28958.9699773004,6533.22405680833,-36444.641774347
999.5,27703.5412532971,7144.13627047932,-37298.692472381
1000,26432.5699831358,7796.2036574768,-38084.8446724304
